c_id,y_id,i_id,measure
0,0,2,1.55
0,1,2,2.14
0,2,2,2.66
0,3,2,1.68
0,4,2,1.15
0,5,2,1.07
0,6,2,1.168
0,7,2,1.4
0,8,2,1.68571428571429
0,9,2,1.9375
0,10,2,1.87777777777778
0,11,2,1.8076923076923102
0,12,2,1.82380952380952
0,13,2,1.84857142857143
0,14,2,1.65918367346939
0,15,2,2.0419580419580403
0,16,2,3.7812911725955205
0,17,2,4.00860009555662
0,18,2,4.7191440580817705
0,19,2,4.67335625570135
0,20,2,3.09895833333333
0,21,2,3.4653465346534698
0,22,2,2.70455793520044
0,23,2,2.73881278538813
0,24,2,2.16203914428767
0,25,2,2.29971724787936
0,26,2,2.31367874921125
0,27,2,2.2843868799904
0,28,2,2.12493922313663
0,29,2,1.8803655923922298
0,30,2,1.45090921225786
0,31,2,1.50692655529635
0,32,2,1.42122223348777
0,33,2,1.4228029005729301
0,34,2,1.45703853325047
0,35,2,1.47307310721151
0,36,2,1.24122726437626
0,37,2,1.14013911131295
0,38,2,1.13631802186333
0,39,2,1.22035954754993
0,40,2,1.1488226766688698
0,41,2,1.18423354187058
0,42,2,1.09188047859748
0,43,2,1.06089505704838
0,44,2,0.8832953588335289
0,45,2,0.847154783885961
0,46,2,0.7882338774614689
0,47,2,0.792548175031362
0,48,2,0.762756475390461
0,49,2,0.886508576686385
0,50,2,0.814878105497939
0,51,2,0.764287094036749
0,52,2,0.784824721019786
0,53,2,0.8377364301594361
0,54,2,0.878100919364039
0,55,2,0.850128583186764
0,56,2,0.813140077928875
0,57,2,0.8561379163735431
0,58,2,0.8545609792373159
0,10,3,1.4580899477005
0,12,3,1.93620002269745
0,13,3,1.78051996231079
0,14,3,1.92351996898651
0,15,3,1.84360003471375
0,16,3,1.16563999652863
0,17,3,1.71984004974365
0,18,3,1.93554997444153
0,19,3,2.4002799987793
0,20,3,2.60715007781982
0,22,3,1.59786999225616
0,23,3,1.61749994754791
0,24,3,2.56972002983093
0,25,3,1.36186003684998
0,26,3,1.261549949646
0,27,3,1.28229999542236
0,29,3,1.04612004756927
0,30,3,1.06737995147705
0,36,3,3.73198008537292
0,38,3,4.03986978530884
0,39,3,4.52167987823486
0,40,3,4.58031
0,41,3,4.83374
0,42,3,4.01734
0,43,3,3.53505
0,44,3,3.48652
0,45,3,3.86001
0,46,3,4.12821
0,47,3,4.4626
0,48,3,4.84441
0,49,3,5.53105
0,50,3,5.01971
0,51,3,5.29063
0,52,3,5.34583
0,53,3,5.43661
0,54,3,5.36144
0,55,3,5.77611
0,56,3,5.57218
0,57,3,5.50825
0,2,0,24450604877.608116
0,3,0,18272123664.47152
0,4,0,25605249381.75971
0,5,0,28344705966.63891
0,6,0,28630474727.90226
0,7,0,24256667553.25692
0,8,0,26436857247.498184
0,9,0,31256284543.61548
0,10,0,31584210365.54465
0,11,0,33293199095.488117
0,12,0,34733000536.28621
0,13,0,52544000116.90373
0,14,0,72436777342.45541
0,15,0,52438647921.9226
0,16,0,51169499890.77222
0,17,0,56781000100.944824
0,18,0,58082870156.26343
0,19,0,69252328953.37886
0,20,0,76961923741.94785
0,21,0,78676842366.42133
0,22,0,84307486836.72403
0,23,0,103979106777.91103
0,24,0,79092001998.03204
0,25,0,88416668900.25958
0,26,0,110934442762.69356
0,27,0,111106191358.19745
0,28,0,126206817196.09116
0,29,0,76636898036.47119
0,30,0,141352368714.6913
0,31,0,189719984268.48453
0,32,0,228788617201.69592
0,33,0,236741715015.015
0,34,0,257440000000.0
0,35,0,258031750000.0
0,36,0,272149750000.0
0,37,0,292859000000.0
0,38,0,298948250000.0
0,39,0,283523000000.0
0,40,0,284203750000.0
0,41,0,268696750000.0
0,42,0,97724004251.8602
0,43,0,127586973492.17664
0,44,0,164657930452.78662
0,45,0,198737095012.28165
0,46,0,232557260817.3077
0,47,0,287530508430.568
0,48,0,361558037110.41925
0,49,0,332976484577.6189
0,50,0,423627422092.4896
0,51,0,530163281574.65753
0,52,0,545982375701.128
0,53,0,552025140252.2463
0,54,0,526319673731.6383
0,55,0,594749285413.2124
0,56,0,557531376217.9669
0,57,0,642695864756.3501
0,58,0,519871519807.795
0,40,1,8.46696453
0,41,1,8.62096807
0,42,1,7.67272924
0,43,1,7.13188245
0,44,1,6.99268547
0,45,1,7.62903684
0,46,1,7.56810123
0,47,1,7.61793101
0,48,1,7.66306468
0,49,1,9.0087642
0,50,1,8.61198493
0,51,1,8.39473866
0,52,1,8.40588238
0,53,1,8.37804641
0,54,1,8.23722377
0,55,1,8.74331517
0,56,1,7.54838404
1,0,2,2.3695451396906
1,1,2,2.41513985411521
1,2,2,2.3636953699697103
1,3,2,2.44663463919568
1,4,2,2.64824279705097
1,5,2,2.952292961532
1,6,2,3.45138290370603
1,7,2,3.7937639672235797
1,8,2,3.83727358459887
1,9,2,3.3859198800219197
1,10,2,2.96603557682305
1,11,2,2.76315170889944
1,12,2,2.68562060485785
1,13,2,2.37934679594664
1,14,2,2.26280269948392
1,15,2,2.26731559253735
1,16,2,2.2166121067524798
1,17,2,2.24720220833707
1,18,2,2.2156885699105797
1,19,2,2.19272937103289
1,20,2,2.24895690403517
1,21,2,2.2966019447106403
1,22,2,2.3932652161369203
1,23,2,2.51981181916526
1,24,2,2.50523365070013
1,25,2,2.52326837870517
1,26,2,2.54042975157867
1,27,2,2.37298883241393
1,28,2,2.16181488266294
1,29,2,2.0518275094775
1,30,2,2.07590585971773
1,31,2,2.16804285831077
1,32,2,2.16874608012627
1,33,2,2.17802988646311
1,34,2,2.11659858893427
1,35,2,2.02131256804327
1,36,2,1.93044006740518
1,37,2,1.86733439499343
1,38,2,1.8711218131061198
1,39,2,1.88923574072912
1,40,2,1.82984191251005
1,41,2,1.8700938789187198
1,42,2,1.87396462061393
1,43,2,1.84628968871455
1,44,2,1.82741076940486
1,45,2,1.80185377485481
1,46,2,1.82184284558172
1,47,2,1.8145996686913302
1,48,2,1.79723901240042
1,49,2,1.92917969094082
1,50,2,1.86239977396025
1,51,2,1.76938986414435
1,52,2,1.6799173576200401
1,53,2,1.64953307597667
1,54,2,1.78129495506829
1,55,2,1.95845125365234
1,56,2,2.09284952414869
1,57,2,2.00796639339341
1,58,2,1.8915597671394497
1,18,3,6.01040983200073
1,19,3,5.89838981628418
1,20,3,5.65545988082886
1,22,3,5.48108005523682
1,23,3,5.37336015701294
1,25,3,5.4067702293396
1,26,3,5.28190994262695
1,27,3,5.07158994674683
1,28,3,4.91880989074707
1,29,3,4.74832010269165
1,30,3,4.67555999755859
1,31,3,4.79384994506836
1,32,3,4.6917200088501
1,33,3,5.51654005050659
1,34,3,5.25500011444092
1,35,3,5.14390993118286
1,36,3,5.24097013473511
1,40,3,4.89369
1,45,3,4.91573
1,46,3,4.75359
1,47,3,4.66711
1,48,3,4.64397
1,49,3,5.09327
1,50,3,5.55917
1,51,3,5.08313
1,52,3,4.87765
1,53,3,5.23801
1,54,3,5.17368
1,55,3,5.32175
1,56,3,5.28031
1,0,0,18577668271.922947
1,1,0,19652816664.80009
1,2,0,19892485160.712284
1,3,0,21507447642.513157
1,4,0,23764139321.312576
1,5,0,25936835031.91847
1,6,0,27268451114.34651
1,7,0,30397580916.11603
1,8,0,32665472057.341244
1,9,0,36628961809.83313
1,10,0,41271138985.328705
1,11,0,45149512823.384476
1,12,0,51967289719.62616
1,13,0,63737347853.93978
1,14,0,88831245394.25203
1,15,0,97170558514.27011
1,16,0,104921215177.10828
1,17,0,110201881165.4049
1,18,0,118338596886.98398
1,19,0,134712029989.77621
1,20,0,149774930362.117
1,21,0,176642284918.147
1,22,0,193770274743.46243
1,23,0,177030416471.68927
1,24,0,193242166274.22568
1,25,0,180234716575.89932
1,26,0,182036933407.9463
1,27,0,189060349391.21228
1,28,0,235659196740.3958
1,29,0,299267974920.6091
1,30,0,310777222008.4648
1,31,0,325310415195.0396
1,32,0,324878874105.97546
1,33,0,311544406970.208
1,34,0,322211691456.2435
1,35,0,367216364716.36475
1,36,0,400302731411.2291
1,37,0,434568007512.9128
1,38,0,398899138574.23865
1,39,0,388608221581.6518
1,40,0,415222633925.76776
1,41,0,378376086723.19415
1,42,0,394648911678.5265
1,43,0,466488060570.7629
1,44,0,612490396927.0167
1,45,0,693407758231.8448
1,46,0,746054207846.6608
1,47,0,853099630996.3099
1,48,0,1053995523724.2615
1,49,0,927805183330.879
1,50,0,1146138465603.8052
1,51,0,1396649906339.3474
1,52,0,1546151783872.9639
1,53,0,1576184467015.492
1,54,0,1467483705131.736
1,55,0,1351693984524.503
1,56,0,1208846993739.9915
1,57,0,1330135756844.4075
1,58,0,1433904348500.1162
1,40,1,7.61707773
1,41,1,7.69938881
1,42,1,7.89658743
1,43,1,7.91207047
1,44,1,8.11845983
1,45,1,7.99579299
1,46,1,8.000101
1,47,1,8.07836906
1,48,1,8.26794704
1,49,1,8.57721647
1,50,1,8.44516726
1,51,1,8.55670577
1,52,1,8.68936294
1,53,1,8.77363922
1,54,1,9.05467885
1,55,1,9.33006717
1,56,1,9.25209201
2,0,2,2.67913472590723
2,1,2,2.36406619385343
2,2,2,2.39868330737835
2,3,2,2.2608391823983403
2,4,2,2.01449809094829
2,5,2,3.3520921567489896
2,6,2,3.0219816316073
2,7,2,2.85697200831844
2,8,2,2.64974015836375
2,9,2,2.61559000626652
2,10,2,2.88728955692843
2,11,2,2.61904685858105
2,12,2,2.4358119902250097
2,13,2,2.15465130649243
2,14,2,1.94135341120892
2,15,2,1.9721437962589499
2,16,2,2.00275336513055
2,17,2,1.68772647800164
2,18,2,1.59967155032807
2,19,2,1.52193168607333
2,20,2,1.13843442074363
2,21,2,1.14314876818876
2,22,2,1.3035343610749799
2,23,2,1.25458032300474
2,24,2,1.1995410451653299
2,25,2,1.42952312218953
2,26,2,1.22038872750142
2,27,2,1.74399403145367
2,28,2,2.1180722049861997
2,29,2,2.68625
2,30,2,2.3638410251969897
2,31,2,1.96333333333333
2,32,2,1.52152886115445
2,33,2,1.92792281498297
2,34,2,2.016007789121
2,35,2,1.86213698033379
2,36,2,1.6548434995029102
2,37,2,1.5776883155177401
2,38,2,1.6622919197582402
2,39,2,1.64547466656987
2,40,2,1.73072614713627
2,41,2,1.9518824453253198
2,42,2,1.8957711991561699
2,43,2,1.50347763554507
2,44,2,1.46126840890621
2,45,2,1.52401339252107
2,46,2,1.48108489489303
2,47,2,1.46629209992902
2,48,2,1.44192404201012
2,49,2,1.53862567601211
2,50,2,1.53940698128362
2,51,2,1.41185115924524
2,52,2,1.37865646470437
2,53,2,1.3294461087607001
2,54,2,1.330244423168
2,55,2,1.36551715396161
2,56,2,1.35015057288696
2,57,2,1.41952663807017
2,58,2,1.47490154739588
2,35,3,4.56816005706787
2,38,3,4.75665998458862
2,39,3,3.80062007904053
2,40,3,3.94893
2,41,3,3.84468
2,42,3,3.75037
2,44,3,3.97448
2,45,3,4.47908
2,46,3,4.8706
2,47,3,4.97426
2,48,3,5.26884
2,49,3,5.46355
2,50,3,5.6488
2,51,3,5.73741
2,52,3,5.8551
2,53,3,5.83885
2,54,3,5.94848
2,55,3,6.24106
2,0,0,15165569912.51993
2,1,0,15236854859.468977
2,2,0,19926293839.016327
2,3,0,23021477292.20927
2,4,0,21211892259.99042
2,5,0,21790035117.19005
2,6,0,27062716577.911068
2,7,0,30591834053.965298
2,8,0,33875881876.367176
2,9,0,37458898243.86095
2,10,0,42327600098.24124
2,11,0,49204456700.45162
2,12,0,58539008786.36837
2,13,0,79279057730.829
2,14,0,105136007528.75961
2,15,0,123709376567.89029
2,16,0,152678020452.8288
2,17,0,176171284311.76117
2,18,0,200800891870.16382
2,19,0,224969488835.18094
2,20,0,235024598983.26135
2,21,0,263561088977.12936
2,22,0,281682304161.0405
2,23,0,203304515490.79535
2,24,0,209023912696.8388
2,25,0,222942790435.29932
2,26,0,268137224729.72214
2,27,0,294084112392.66034
2,28,0,330397381998.4894
2,29,0,425595310000.0
2,30,0,461951781999.99994
2,31,0,602860000000.0
2,32,0,400599250000.0
2,33,0,437798577639.7516
2,34,0,558111997497.2627
2,35,0,769305386182.8485
2,36,0,850426432991.7421
2,37,0,883199625324.6753
2,38,0,863723411632.9167
2,39,0,599388579985.6726
2,40,0,655420645476.9061
2,41,0,559372276081.9658
2,42,0,507962487700.0239
2,43,0,558319920831.9792
2,44,0,669316654017.0941
2,45,0,891630177251.068
2,46,0,1107640289615.2253
2,47,0,1397084349956.3452
2,48,0,1695824565983.2039
2,49,0,1667019783585.0752
2,50,0,2208871646202.8193
2,51,0,2616200980392.157
2,52,0,2465188674415.032
2,53,0,2472806456101.294
2,54,0,2455994050148.7466
2,55,0,1802214373741.3206
2,56,0,1796275437087.991
2,57,0,2053594973992.6052
2,58,0,1868626087908.4788
2,40,1,6.56181769
2,41,1,6.7298316
2,42,1,8.18188846
2,43,1,7.84622081
2,44,1,8.06186239
2,45,1,8.25106619
2,46,1,8.34044194
2,47,1,8.2778788
2,48,1,8.11638847
2,49,1,8.44724142
2,50,1,9.723471
2,51,1,9.7830923
2,52,1,10.03918369
2,53,1,10.23850921
2,54,1,10.81982148
2,55,1,11.4647339
2,56,1,11.77150303
3,0,2,4.18525654025553
3,1,2,4.1283122434605195
3,2,2,3.99921638867122
3,3,2,3.6206501115489704
3,4,2,3.40206283659061
3,5,2,2.93026065941654
3,6,2,2.68328242154957
3,7,2,2.74792676977819
3,8,2,2.54364188044292
3,9,2,2.27378467044438
3,10,2,2.18897969593808
3,11,2,2.13148563939489
3,12,2,2.0118184382193203
3,13,2,1.8326018176742498
3,14,2,1.7838130850829002
3,15,2,1.8635418526560699
3,16,2,1.7659279778393397
3,17,2,1.80576360007784
3,18,2,1.84888740061337
3,19,2,1.71124591794032
3,20,2,1.76444861477782
3,21,2,1.7099156381512
3,22,2,1.954343585383
3,23,2,2.0811962487785203
3,24,2,2.11718885542571
3,25,2,2.09737623375073
3,26,2,2.10919711788911
3,27,2,2.0625763710105898
3,28,2,1.98676711890836
3,29,2,1.93461430865038
3,30,2,1.95879374221417
3,31,2,1.8954443385806399
3,32,2,1.86168769986295
3,33,2,1.82175350392748
3,34,2,1.6966802573186501
3,35,2,1.5540900711477699
3,36,2,1.4037525810645501
3,37,2,1.24624320151167
3,38,2,1.25629390156868
3,39,2,1.24170306410258
3,40,2,1.11808087955152
3,41,2,1.13736897251656
3,42,2,1.1208522916435502
3,43,2,1.1158787985427698
3,44,2,1.10796602708278
3,45,2,1.1106696550809199
3,46,2,1.12583240797021
3,47,2,1.18890178274099
3,48,2,1.24862138163726
3,49,2,1.38104398145933
3,50,2,1.1971536522414001
3,51,2,1.1960844580068801
3,52,2,1.12109997322812
3,53,2,1.00485841865034
3,54,2,0.9922705600439761
3,55,2,1.15012649687129
3,56,2,1.15845887951202
3,57,2,1.29339510677837
3,58,2,1.2526292323636101
3,11,3,7.71018981933594
3,12,3,7.61540985107422
3,13,3,7.03749990463257
3,14,3,6.68963003158569
3,15,3,6.4429497718811
3,16,3,6.72099018096924
3,17,3,6.73353004455566
3,18,3,7.09767007827759
3,19,3,6.71474981307983
3,20,3,6.48467016220093
3,21,3,6.43061017990112
3,22,3,6.51913976669312
3,23,3,6.88043022155762
3,24,3,6.64404010772705
3,25,3,6.2128701210022
3,26,3,6.04418992996216
3,27,3,6.32446002960205
3,28,3,6.17614984512329
3,29,3,6.09832000732422
3,30,3,5.9919900894165
3,31,3,6.88430023193359
3,32,3,6.77093982696533
3,33,3,7.70425987243652
3,34,3,6.68001985549927
3,35,3,6.32445001602173
3,38,3,5.51196002960205
3,39,3,5.54994010925293
3,40,3,5.44201
3,41,3,4.96958
3,42,3,5.01073
3,45,3,4.78215
3,47,3,4.78036
3,48,3,4.63826
3,49,3,4.85264
3,50,3,5.36993
3,51,3,5.27444
3,0,0,40461721692.64677
3,1,0,40934952063.94684
3,2,0,42227447631.9159
3,3,0,45029988561.21245
3,4,0,49377522896.70303
3,5,0,54515179580.71483
3,6,0,61088384036.65145
3,7,0,65668655501.12544
3,8,0,71829810519.89554
3,9,0,79148411661.69023
3,10,0,87896095224.4234
3,11,0,99271961477.5203
3,12,0,113082820992.0194
3,13,0,131321859214.0786
3,14,0,160408697648.26175
3,15,0,173834029787.65237
3,16,0,206575564401.6227
3,17,0,211612156934.64975
3,18,0,218632867449.81152
3,19,0,243072102185.41916
3,20,0,273853826377.00992
3,21,0,306214863624.98956
3,22,0,313506525087.1362
3,23,0,340547711781.88904
3,24,0,355372558103.62134
3,25,0,364756499450.7507
3,26,0,377437927311.9827
3,27,0,431316742081.44794
3,28,0,507354351182.254
3,29,0,565055743243.2433
3,30,0,593929550908.4675
3,31,0,610328183643.1876
3,32,0,592387689252.9163
3,33,0,577170761956.4375
3,34,0,578139279437.6099
3,35,0,604031623433.4014
3,36,0,628546387972.1306
3,37,0,652823920265.7808
3,38,0,631813279406.8082
3,39,0,676084000807.7001
3,40,0,742295468318.6317
3,41,0,736379777892.562
3,42,0,757950678646.5304
3,43,0,892382413817.7146
3,44,0,1023196771714.0662
3,45,0,1169357979864.664
3,46,0,1315415197461.213
3,47,0,1464977190205.7537
3,48,0,1549131208997.1885
3,49,0,1371153004986.4404
3,50,0,1613542812589.3896
3,51,0,1789140665202.839
3,52,0,1823966686523.6335
3,53,0,1842018420853.0952
3,54,0,1801480123070.8162
3,55,0,1552899925233.7092
3,56,0,1526705529135.3203
3,57,0,1646867220617.4656
3,58,0,1713341704877.0117
3,40,1,8.27570121
3,41,1,8.6552998
3,42,1,8.88823837
3,43,1,9.04280641
3,44,1,9.09724312
3,45,1,9.06438659
3,46,1,9.20660398
3,47,1,9.29805095
3,48,1,9.46493194
3,49,1,10.5739279
3,50,1,10.55578315
3,51,1,10.23029303
3,52,1,10.24045785
3,53,1,10.13275665
3,54,1,9.96972621
3,55,1,10.37650812
3,56,1,10.53465477
4,14,3,3.75120997428894
4,15,3,3.59472990036011
4,18,3,3.07045006752014
4,19,3,3.48236989974976
4,20,3,4.21999979019165
4,21,3,4.91429996490479
4,27,3,2.8232901096344
4,30,3,2.25015997886658
4,33,3,2.38371992111206
4,34,3,2.51182007789612
4,35,3,2.56469988822937
4,36,3,2.79625010490417
4,37,3,3.01245999336243
4,38,3,3.34015011787415
4,39,3,3.72921991348267
4,40,3,3.77583
4,42,3,4.08121
4,43,3,3.96346
4,44,3,3.53839
4,45,3,3.26283
4,46,3,3.02153
4,47,3,3.21379
4,48,3,3.79243
4,49,3,4.23065
4,50,3,4.16209
4,51,3,4.04519
4,53,3,4.52943
4,54,3,4.73018
4,55,3,4.8737
4,56,3,5.35064
4,57,3,5.41582
4,0,0,4109999999.9999995
4,1,0,4609727272.727272
4,2,0,5416272727.272728
4,3,0,5668187500.0
4,4,0,5982347826.086956
4,5,0,6026593750.0
4,6,0,7072641025.641026
4,7,0,7013196078.431372
4,8,0,7167086956.521738
4,9,0,8377093023.2558155
4,10,0,9126309734.513277
4,11,0,10884114754.09836
4,12,0,11853817307.692308
4,13,0,16836261173.184359
4,14,0,16210404183.535763
4,15,0,7622217352.342158
4,16,0,10341925249.042147
4,17,0,13962893421.541319
4,18,0,15989933708.149084
4,19,0,21803696985.234898
4,20,0,29036709871.79488
4,21,0,34509878043.589745
4,22,0,25325893205.657047
4,23,0,20355959237.21284
4,24,0,19622527479.691307
4,25,0,17702885393.509884
4,26,0,18891048818.74255
4,27,0,22255407684.69988
4,28,0,26040229793.069675
4,29,0,29885685142.91066
4,30,0,33113887817.97311
4,31,0,37834793730.31326
4,32,0,45964327558.88355
4,33,0,49297773130.1185
4,34,0,57008425295.8256
4,35,0,73447063319.30339
4,36,0,78039572221.60236
4,37,0,84952360922.46788
4,38,0,81577430181.40736
4,39,0,75173794497.03212
4,40,0,77860932151.8471
4,41,0,70979923960.3742
4,42,0,69736811435.10318
4,43,0,75643459839.60083
4,44,0,99210392857.6116
4,45,0,122964812046.0727
4,46,0,154788024805.80832
4,47,0,173605968179.25516
4,48,0,179638496278.5739
4,49,0,172389498444.6205
4,50,0,218537551220.07053
4,51,0,252251992029.4417
4,52,0,267122320056.7022
4,53,0,278384345259.4738
4,54,0,260541629960.72913
4,55,0,243919085308.78485
4,56,0,250339863130.84662
4,57,0,277746461078.3192
4,58,0,298231133532.7486
4,40,1,7.03517653
4,41,1,7.15104141
4,42,1,7.26602369
4,43,1,7.3333044
4,44,1,6.90114757
4,45,1,6.58871514
4,46,1,6.0351678
4,47,1,6.17537454
4,48,1,6.74047957
4,49,1,7.20918362
4,50,1,6.77489384
4,51,1,6.771789
4,52,1,7.02092081
4,53,1,7.44478367
4,54,1,7.80602661
4,55,1,8.29995557
4,56,1,8.52893972
4,0,2,3.1184056271981198
4,1,2,3.5274472970152395
4,2,2,3.04370907803929
4,3,2,2.86539572501444
4,4,2,2.63518659558264
4,5,2,2.8857127330036403
4,6,2,2.73592085235921
4,7,2,2.71363263392334
4,8,2,2.52706817797327
4,9,2,2.26089998688066
4,10,2,4.45045063352876
4,11,2,6.26481544192347
4,12,2,6.625414195001091
4,13,2,6.283820900728079
4,14,2,7.10956116396779
4,15,2,6.74253666077988
4,16,2,6.08505082532873
4,17,2,6.915244813566391
4,18,2,6.7281223205458
4,19,2,6.33255633255633
4,20,2,6.482092869697841
4,21,2,7.02211888902853
4,22,2,8.87726773839499
4,23,2,7.5752226024099505
4,24,2,7.6054061762236005
4,25,2,6.90060861105455
4,26,2,6.28800219933844
4,27,2,5.63807107493349
4,28,2,4.13999607967718
4,29,2,3.59002950895468
4,30,2,3.40165485912065
4,31,2,2.8498427672956
4,32,2,2.62851046938573
4,33,2,2.70692293725521
4,34,2,2.5975449826478902
4,35,2,2.56206462916649
4,36,2,2.44932089847955
4,37,2,2.4982019239413797
4,38,2,2.58983722621321
4,39,2,2.7136315935113
4,40,2,2.70328204639642
4,41,2,2.66749517320965
4,42,2,2.5520930910302
4,43,2,2.73384321223709
4,44,2,2.70797513556408
4,45,2,2.52150287673621
4,46,2,2.49083177991398
4,47,2,2.31880220228835
4,48,2,2.5858318761462
4,49,2,2.2670395690905303
4,50,2,2.2422354113728002
4,51,2,2.25604304567862
4,52,2,2.0469416347204903
4,53,2,1.9864194739788
4,54,2,1.95820763854893
4,55,2,1.89786171068151
4,56,2,1.91848330067582
4,57,2,1.93561273288572
4,58,2,1.8873839461868502
5,11,3,1.38873994350433
5,12,3,1.60476005077362
5,13,3,1.65082001686096
5,14,3,1.76115000247955
5,15,3,1.70850002765656
5,16,3,1.81657004356384
5,17,3,1.74953997135162
5,18,3,1.95884001255035
5,19,3,2.14805006980896
5,20,3,1.91190004348755
5,21,3,1.94880998134613
5,22,3,2.03448009490967
5,23,3,2.07692003250122
5,24,3,1.99863004684448
5,25,3,2.00814008712769
5,26,3,2.06154990196228
5,27,3,1.80425000190735
5,28,3,1.76417994499207
5,32,3,1.65455996990204
5,33,3,1.65785002708435
5,34,3,1.98571002483368
5,35,3,1.84192001819611
5,36,3,1.85338997840881
5,38,3,1.84432995319366
5,39,3,1.88803994655609
5,29,2,2.4801866410957
5,30,2,2.49325830326962
5,31,2,2.34690960872377
5,32,2,2.48475857240288
5,33,2,1.9619072718954098
5,34,2,1.72496768849044
5,35,2,1.7163366422182
5,36,2,1.6860511377984702
5,37,2,1.6748020872592602
5,38,2,1.7033003738699901
5,39,2,1.9220531205777598
5,40,2,1.8873537833821101
5,41,2,2.07394260800124
5,42,2,2.17514171475857
5,43,2,2.1020316167467
5,44,2,2.05227346805883
5,45,2,1.98886432028757
5,46,2,1.9946526506196198
5,47,2,1.90431095555058
5,48,2,1.87568853278407
5,49,2,2.06268754965908
5,50,2,1.9074366626988
5,51,2,1.83415827484875
5,52,2,1.83645175975595
5,53,2,1.86694378614298
5,54,2,1.90584810515868
5,55,2,1.9070864861799601
5,56,2,1.92494712446006
5,57,2,1.8965104068693999
5,58,2,1.8659366006581202
5,40,1,4.47341372
5,41,1,4.21248348
5,42,1,4.34347862
5,43,1,4.38032391
5,44,1,4.25689544
5,45,1,4.14221514
5,46,1,3.91870987
5,47,1,3.65868461
5,48,1,3.87722767
5,49,1,4.32182388
5,50,1,4.20799171
5,51,1,4.32551324
5,52,1,4.549399
5,53,1,4.71002249
5,54,1,4.77322745
5,55,1,4.88872272
5,56,1,4.98188075
5,0,0,59716467625.314804
5,1,0,50056868957.67324
5,2,0,47209359005.605644
5,3,0,50706799902.510345
5,4,0,59708343488.50434
5,5,0,70436266146.72191
5,6,0,76720285969.61572
5,7,0,72881631326.67154
5,8,0,70846535055.65033
5,9,0,79705906247.4612
5,10,0,92602973434.07262
5,11,0,99800958648.14363
5,12,0,113687586299.05127
5,13,0,138544284708.95746
5,14,0,144182133387.7218
5,15,0,163431551779.76126
5,16,0,153940455341.50613
5,17,0,174938098826.56906
5,18,0,149540752829.26828
5,19,0,178280594413.0435
5,20,0,191149211575.0
5,21,0,195866382432.53967
5,22,0,205089699858.7786
5,23,0,230686747153.2567
5,24,0,259946510957.14288
5,25,0,309488028132.6531
5,26,0,300758100107.24634
5,27,0,272972974764.574
5,28,0,312353631207.819
5,29,0,347768051311.74084
5,30,0,360857912565.9656
5,31,0,383373318083.62366
5,32,0,426915712711.146
5,33,0,444731282436.76215
5,34,0,564324670005.9174
5,35,0,734547898220.5084
5,36,0,863746717503.7887
5,37,0,961603952951.8203
5,38,0,1029043097554.0822
5,39,0,1093997267271.0581
5,40,0,1211346869605.238
5,41,0,1339395718865.3027
5,42,0,1470550015081.5515
5,43,0,1660287965662.6802
5,44,0,1955347004963.2708
5,45,0,2285965892360.5435
5,46,0,2752131773355.156
5,47,0,3550342425238.252
5,48,0,4594306848763.078
5,49,0,5101702432883.449
5,50,0,6087164527421.237
5,51,0,7551500425597.771
5,52,0,8532230724141.756
5,53,0,9570405758739.791
5,54,0,10438529153237.621
5,55,0,11015542352468.887
5,56,0,11137945669350.592
5,57,0,12143491448186.068
5,58,0,13608151864637.854
6,10,3,5.7322998046875
6,11,3,5.550950050354
6,13,3,5.238450050354
6,15,3,7.74302005767822
6,18,3,8.41331005096436
6,19,3,7.03813982009888
6,20,3,6.35924005508423
6,34,3,6.37311983108521
6,35,3,4.91033983230591
6,38,3,4.06827020645142
6,42,3,3.20832
6,43,3,2.83616
6,44,3,2.28813
6,45,3,1.83577
6,50,3,6.22079
6,54,3,4.0172
6,55,3,4.56147
6,10,2,4.86040268456376
6,11,2,4.60024301336574
6,12,2,3.52967032967033
6,13,2,4.22027290448343
6,14,2,4.24087591240876
6,15,2,4.49749373433584
6,16,2,4.7318339100346005
6,17,2,4.95321959273528
6,18,2,4.31971759959657
6,19,2,4.39371316306483
6,20,2,3.36598224195339
6,21,2,3.1870961786967
6,22,2,3.3450456781447597
6,24,2,2.25310380803339
6,25,2,2.5751957148743303
6,27,2,4.3741673906747796
6,32,2,4.28755641521599
6,33,2,4.0778742436201
6,41,2,1.94849387296783
6,42,2,2.3412038576654504
6,43,2,2.6824982773895103
6,44,2,2.6738740939815897
6,45,2,1.65789391721431
6,46,2,1.6371147281452498
6,47,2,2.26049500505107
6,48,2,2.04130000658342
6,50,2,1.77827615466212
6,53,2,2.61779522037439
6,54,2,5.0073706866691
6,56,2,6.38322968046322
6,57,2,4.26829683068509
6,58,2,2.54695464012207
6,40,1,1.69392456
6,41,1,2.37584221
6,42,1,1.87626667
6,43,1,2.11587856
6,44,1,2.10554645
6,45,1,1.87587189
6,46,1,1.78239931
6,47,1,2.24364157
6,48,1,2.55324653
6,49,1,2.2214418
6,50,1,1.98057464
6,51,1,1.85153641
6,52,1,2.47433199
6,53,1,2.48846715
6,54,1,2.50741981
6,55,1,3.41535064
6,56,1,4.63481785
6,0,0,131731862.56897533
6,1,0,151675739.16060254
6,2,0,166521239.86331046
6,3,0,172233430.87148392
6,4,0,185693724.84536326
6,5,0,198318063.86084098
6,6,0,220613582.36986604
6,7,0,237397428.33641082
6,8,0,251247458.01213938
6,9,0,265040036.0591523
6,10,0,274960699.8585948
6,11,0,322128019.3235988
6,12,0,410669262.8980092
6,13,0,541973362.4810631
6,14,0,585364635.3548037
6,15,0,767102679.0186899
6,16,0,754549600.5480524
6,17,0,765224030.6364771
6,18,0,878771771.2908826
6,19,0,1198749665.9505324
6,20,0,1705796849.5465925
6,21,0,1993512325.9230595
6,22,0,2160640566.539532
6,23,0,2097274289.6152704
6,24,0,2193581366.4072566
6,25,0,2160872541.418901
6,26,0,1849268214.6818063
6,27,0,2297753649.2796235
6,28,0,2212536313.334759
6,29,0,2389593021.9486785
6,30,0,2798746050.582284
6,31,0,2724853592.7338185
6,32,0,2933222714.1150575
6,33,0,1918970032.4086547
6,34,0,1769365425.0405302
6,35,0,2116003977.9752877
6,36,0,2540697688.056981
6,37,0,2322718991.2645755
6,38,0,1949481296.607621
6,39,0,2353909563.9412174
6,40,0,3219910550.3933206
6,41,0,2794259783.0809703
6,42,0,3019993738.7749176
6,43,0,3495868808.0512004
6,44,0,4648628921.369685
6,45,0,6087003176.116242
6,46,0,7731261310.933216
6,47,0,8394688284.062239
6,48,0,11859013280.995111
6,49,0,9593537550.750626
6,50,0,12007880438.623236
6,51,0,14425607179.66389
6,52,0,13677930123.591871
6,53,0,14085851348.068981
6,54,0,14177437982.261864
6,55,0,8553154580.39951
6,56,0,9035848070.903572
6,57,0,8701334800.219757
6,58,0,11263682694.039259
7,10,0,5693005199.999999
7,11,0,6914658400.0
7,12,0,8135150891.920252
7,13,0,9987709650.18094
7,14,0,11405957317.073172
7,15,0,13027415243.90244
7,16,0,13789579902.55786
7,17,0,14206158674.698793
7,18,0,17844705324.675323
7,19,0,19584443287.67123
7,20,0,19912889861.11111
7,21,0,20150254096.38554
7,22,0,20953510235.294117
7,23,0,22204940512.223515
7,24,0,24039383608.42345
7,25,0,22920490774.101974
7,26,0,24226574634.029278
7,27,0,25213935012.0819
7,28,0,27458999472.29552
7,29,0,27023468665.89773
7,30,0,28645436569.14893
7,31,0,24316556025.658524
7,32,0,22085858243.24324
7,33,0,22367254864.864864
7,34,0,28448326756.756756
7,35,0,30429803651.2192
7,36,0,25017368700.0
7,37,0,25365908100.0
7,38,0,25736331200.0
7,39,0,28364615200.0
7,40,0,30565400000.0
7,41,0,31682400000.000004
7,42,0,33590499999.999996
7,43,0,35901200000.0
7,44,0,38203000000.0
7,45,0,42643836100.0
7,46,0,52742800000.0
7,47,0,58603900000.0
7,48,0,60806300000.0
7,49,0,62080000000.0
7,50,0,64328000000.0
7,51,0,68990000000.0
7,52,0,73141000000.0
7,53,0,77148000000.0
7,54,0,80656000000.0
7,55,0,87133000000.0
7,56,0,91370000000.0
7,57,0,96851000000.0
7,58,0,100023000000.0
7,20,3,8.36909008026123
7,31,3,7.14496994018555
7,33,3,7.07476997375488
7,34,3,5.61948013305664
7,38,3,6.20873022079468
7,39,3,6.75523996353149
7,40,3,7.70481
7,41,3,8.35809
7,42,3,9.57117
7,43,3,9.94086
7,44,3,10.26823
7,45,3,10.55778
7,46,3,9.05717
7,47,3,11.86821
7,48,3,14.05908
7,49,3,13.12486
7,50,3,12.83731
7,40,1,6.58082967
7,41,1,6.97944519
7,42,1,7.11155879
7,43,1,7.09771076
7,44,1,6.82610737
7,45,1,8.75385175
7,46,1,8.27164137
7,47,1,10.96638176
7,48,1,11.31446824
7,49,1,12.29017512
7,50,1,10.68762349
7,51,1,11.3128656
7,52,1,9.29862453
7,53,1,10.4306951
7,54,1,12.14082739
7,55,1,12.78461066
7,56,1,12.191220210000001
7,49,2,3.3809600515463902
7,50,2,3.32685611242383
7,51,2,3.08450500072474
7,52,2,3.9375999781244397
7,53,2,3.51272878104423
7,54,2,3.5360047609601297
7,55,2,3.08379144526184
7,56,2,3.07212432964868
7,57,2,2.87240323946139
8,40,1,9.82754385
8,41,1,9.86402734
8,42,1,10.10958272
8,43,1,10.33178985
8,44,1,10.07623468
8,45,1,10.22530706
8,46,1,10.11344406
8,47,1,9.96852656
8,48,1,10.15493376
8,49,1,11.13743151
8,50,1,11.0039689
8,51,1,10.71509959
8,52,1,10.76729532
8,53,1,10.91510275
8,54,1,10.95738405
8,55,1,11.07906625
8,56,1,11.13916763
8,33,3,4.41381978988647
8,34,3,4.33487987518311
8,35,3,4.42079019546509
8,36,3,4.48319005966187
8,38,3,4.45345020294189
8,46,3,4.2793
8,47,3,4.34303
8,48,3,4.40954
8,49,3,4.88048
8,50,3,4.91368
8,51,3,4.8078
8,52,3,4.93331
8,53,3,4.93497
8,54,3,4.92086
8,55,3,4.80518
8,56,3,4.80093
8,10,0,215838448404.85223
8,11,0,249985055651.59204
8,12,0,299801542231.49115
8,13,0,398374022246.6154
8,14,0,445303484014.8137
8,15,0,490636517529.21533
8,16,0,519754453161.4106
8,17,0,600498238103.2595
8,18,0,740469983154.82
8,19,0,881345176395.262
8,20,0,950290856574.1338
8,21,0,800472055214.193
8,22,0,776576439268.1552
8,23,0,770684323247.7977
8,24,0,725111123771.562
8,25,0,732534886726.0165
8,26,0,1046259375123.8403
8,27,0,1298176105440.6963
8,28,0,1401233225526.2278
8,29,0,1398967436284.1985
8,30,0,1771671207359.8838
8,31,0,1868945197407.189
8,32,0,2131571696931.747
8,33,0,2071323790370.2827
8,34,0,2205074123177.052
8,35,0,2585792275146.718
8,36,0,2497244606186.639
8,37,0,2211989623279.946
8,38,0,2238990774702.6787
8,39,0,2194204133816.3223
8,40,0,1943145384190.1604
8,41,0,1944107382550.3357
8,42,0,2068624129493.6948
8,43,0,2496128668171.5576
8,44,0,2809187981127.39
8,45,0,2845802760850.64
8,46,0,2992196713084.9326
8,47,0,3421229126745.1406
8,48,0,3730027830672.3306
8,49,0,3397791053070.2974
8,50,0,3396354075663.728
8,51,0,3744408602683.935
8,52,0,3527344944139.8257
8,53,0,3732743446218.9185
8,54,0,3883920155292.2583
8,55,0,3360549973888.579
8,56,0,3466790065011.8267
8,57,0,3656749414477.084
8,58,0,3947620162502.9565
8,0,2,4.00495260755434
8,1,2,3.9731279195960902
8,2,2,4.7763370447868
8,3,2,5.20480474956955
8,4,2,4.657705926202009
8,5,2,4.346192919402069
8,6,2,4.15308172619979
8,7,2,4.33196137406997
8,8,2,3.61881059287089
8,9,2,3.61056200662416
8,10,2,3.20049916805324
8,11,2,3.25104937037777
8,12,2,3.36503425991704
8,13,2,3.35665198963006
8,14,2,3.46450705296377
8,15,2,3.4879584762527
8,16,2,3.33110143957148
8,17,2,3.22776259151035
8,18,2,3.23960880195599
8,19,2,3.1490296594654
8,20,2,3.1460203926343002
8,21,2,3.23157219147725
8,22,2,3.22351518815173
8,23,2,3.21573691651731
8,24,2,3.1087048832271797
8,25,2,3.04619010371695
8,26,2,2.96433426860664
8,27,2,2.94518040051449
8,28,2,2.80559784205325
8,29,2,2.6903536388319798
8,30,2,2.6754829032356797
8,31,2,2.1224205595645
8,32,2,1.97650001179718
8,33,2,1.7991478653741702
8,34,2,1.64695212234127
8,35,2,1.5882520222446899
8,36,2,1.55726982017526
8,37,2,1.49718619890295
8,38,2,1.4776313898812299
8,39,2,1.4820715973809602
8,40,2,1.4436233746598102
8,41,2,1.40596830057114
8,42,2,1.4107699758746
8,43,2,1.39904868293034
8,44,2,1.34808994900071
8,45,2,1.32993750162983
8,46,2,1.26877676799331
8,47,2,1.23705351281021
8,48,2,1.2813166051199598
8,49,2,1.38890695368007
8,50,2,1.35365069029402
8,51,2,1.2811121962768899
8,52,2,1.3112614474342499
8,53,2,1.22399371603261
8,54,2,1.1825058956846701
8,55,2,1.17745649193469
8,56,2,1.18990426457789
8,57,2,1.23414110223535
8,58,2,1.2337687568881202
9,19,3,7.18201017379761
9,20,3,6.59742021560669
9,48,3,4.33702
9,0,0,2723648551.752076
9,1,0,2434776645.736277
9,2,0,2001468867.7334414
9,3,0,2703014867.328337
9,4,0,2909351792.586591
9,5,0,3136258896.9232955
9,6,0,3039834558.749063
9,7,0,3370843065.767353
9,8,0,3852115816.9775777
9,9,0,4257218772.153693
9,10,0,4863487492.657633
9,11,0,5077222366.974718
9,12,0,6761786386.547126
9,13,0,8715105930.491009
9,14,0,13209713643.321854
9,15,0,15557934268.49648
9,16,0,17728347374.993996
9,17,0,20971901273.270954
9,18,0,26364491313.44714
9,19,0,33243422157.631123
9,20,0,42345277342.01955
9,21,0,44348672667.87154
9,22,0,45207088715.64827
9,23,0,48801369800.367516
9,24,0,53698278905.96781
9,25,0,57937868670.193726
9,26,0,63696301892.81157
9,27,0,66742267773.19587
9,28,0,59089067187.39434
9,29,0,55631489801.5508
9,30,0,62045099642.777405
9,31,0,45715367087.1001
9,32,0,48003298223.11779
9,33,0,49946455210.96595
9,34,0,42542571305.513565
9,35,0,41764052457.88138
9,36,0,46941496779.84986
9,37,0,48177862501.94951
9,38,0,48187747528.89903
9,39,0,48639108360.62126
9,40,0,54786074940.207275
9,41,0,54743249368.64599
9,42,0,56758113501.16714
9,43,0,67866141223.59326
9,44,0,85324767230.49385
9,45,0,103198442061.07567
9,46,0,117030941571.93866
9,47,0,134978727825.85103
9,48,0,170997541140.98492
9,49,0,137214821177.35803
9,50,0,161205065469.30875
9,51,0,200015355528.4701
9,52,0,209062886917.04498
9,53,0,209754763860.68008
9,54,0,213808808746.6958
9,55,0,165978425168.38577
9,56,0,160032930353.76373
9,57,0,167390266100.76324
9,58,0,173757952824.24966
9,40,1,3.48903279
9,41,1,3.83787696
9,42,1,3.73004148
9,43,1,3.60104113
9,44,1,3.54407306
9,45,1,3.23516117
9,46,1,3.35510349
9,47,1,3.82141758
9,48,1,4.2018824
9,49,1,5.35939829
9,50,1,5.11716993
9,51,1,5.26748086
9,52,1,6.00050994
9,53,1,6.03576267
9,54,1,6.54721401
9,55,1,6.98289165
9,56,1,6.648475
9,3,2,2.5114854517611
9,4,2,3.49645390070922
9,5,2,3.41863517060367
9,6,2,3.5125936010891796
9,7,2,3.01910043130006
9,8,2,2.61472785485592
9,9,2,2.38686735837108
9,10,2,2.13053918358437
9,11,2,2.08758503401361
9,12,2,1.79584396646008
9,13,2,1.68816199376947
9,14,2,1.95766814852145
9,15,2,2.13109429304577
9,16,2,2.7017212284846397
9,17,2,2.24195045907314
9,18,2,2.37522893772894
9,19,2,2.13869586579631
9,20,2,2.10206329573495
9,21,2,1.8180488747525698
9,22,2,2.06309744064138
9,23,2,1.9512132516513199
9,24,2,1.7551240070341398
9,25,2,1.6437068968473598
9,26,2,1.78721366645198
9,27,2,1.8563762767583598
9,28,2,1.7496987492702398
9,29,2,1.5401237785633701
9,30,2,1.46107058594342
9,31,2,1.21083405924608
9,32,2,2.14013212989672
9,33,2,2.50563157717782
9,34,2,3.1464300121016504
9,35,2,2.93502710736712
9,36,2,3.0940883958553
9,37,2,3.63740346813324
9,38,2,3.96567378793071
9,39,2,3.75507998270644
9,40,2,3.4333856350536296
9,41,2,3.82069546333074
9,42,2,3.70082935899902
9,43,2,3.25121089347184
9,44,2,3.2838845233139
9,45,2,2.8341783501146502
9,46,2,2.6438075477201997
9,47,2,2.92332102697669
9,48,2,3.0247471409038598
9,49,2,3.8485136982934396
9,50,2,3.51801260882618
9,51,2,4.32570635861069
9,52,2,4.46107862007699
9,53,2,4.84450891704059
9,54,2,5.54848333584853
9,55,2,6.27024293127081
9,56,2,6.38111280492206
9,57,2,6.01425332922594
9,58,2,5.27141404556567
10,0,2,6.46267458092834
10,1,2,6.30448138888382
10,2,2,6.14169539050497
10,3,2,5.6431263021128695
10,4,2,5.40521991060177
10,5,2,5.23267819034556
10,6,2,5.10741705288012
10,7,2,5.1135394635633
10,8,2,4.92496255867054
10,9,2,4.3807865494612495
10,10,2,4.11745254943456
10,11,2,3.9478467302199602
10,12,2,3.84571458925394
10,13,2,3.74263369659249
10,14,2,3.6744428390916304
10,15,2,3.8062382697292
10,16,2,3.75742030047636
10,17,2,3.84721941942832
10,18,2,3.7518817196533902
10,19,2,3.73748620877249
10,20,2,3.7563077683463098
10,21,2,3.8645580282719596
10,22,2,3.8380173891746296
10,23,2,3.85384243033259
10,24,2,3.79459957612788
10,25,2,3.7428879868614295
10,26,2,3.67363857118752
10,27,2,3.7149333528721495
10,28,2,3.52770043165591
10,29,2,3.4285959534762602
10,30,2,3.3397032193586598
10,31,2,3.3478806174757
10,32,2,3.20326237354212
10,33,2,3.2019219717103
10,34,2,3.16720684118026
10,35,2,2.96734524276981
10,36,2,2.87445887445887
10,37,2,2.8279523812088403
10,38,2,2.6503264702938503
10,39,2,2.5927469838278197
10,40,2,2.48223808573738
10,41,2,2.41756598621766
10,42,2,2.43609355919309
10,43,2,2.4949315187782197
10,44,2,2.50525375597338
10,45,2,2.40924625050611
10,46,2,2.35137713314551
10,47,2,2.28051469073227
10,48,2,2.26176733354079
10,49,2,2.48633820520527
10,50,2,2.33790693979669
10,51,2,2.25766128424981
10,52,2,2.2369260112485403
10,53,2,2.22039695086268
10,54,2,2.2303600626115
10,55,2,2.26989054016681
10,56,2,2.32732364460048
10,57,2,2.34967851446849
10,58,2,2.2939427993291304
10,10,3,3.4297399520874
10,11,3,3.17421007156372
10,12,3,3.35917997360229
10,13,3,3.23003005981445
10,14,3,4.24204015731812
10,15,3,4.42854022979736
10,16,3,4.42470979690552
10,17,3,4.43521022796631
10,18,3,4.34511995315552
10,19,3,4.2811598777771
10,20,3,4.30769014358521
10,21,3,4.73072004318237
10,22,3,4.85202980041504
10,23,3,4.85234022140503
10,24,3,4.86753988265991
10,25,3,4.85157012939453
10,26,3,4.70795011520386
10,27,3,4.62343978881836
10,28,3,4.54472017288208
10,29,3,4.45639991760254
10,30,3,4.51393985748291
10,31,3,4.84130001068115
10,32,3,4.73539018630981
10,33,3,5.42959022521973
10,34,3,5.62643003463745
10,35,3,5.79072999954224
10,36,3,5.75672006607056
10,38,3,5.68792009353638
10,39,3,5.67413997650146
10,40,3,5.5418
10,41,3,5.43968
10,42,3,5.43107
10,43,3,5.74671
10,44,3,5.65932
10,45,3,5.51873
10,46,3,5.45718
10,47,3,5.45728
10,48,3,5.45351
10,49,3,5.74618
10,50,3,5.69251
10,51,3,5.5183
10,52,3,5.45642
10,53,3,5.50028
10,54,3,5.51206
10,55,3,5.46424
10,56,3,5.43259
10,0,0,62225478000.88224
10,1,0,67461644222.03518
10,2,0,75607529809.92879
10,3,0,84759195105.86928
10,4,0,94007851047.36778
10,5,0,101537248148.42683
10,6,0,110045852177.92784
10,7,0,118972977486.2066
10,8,0,129785441507.45569
10,9,0,141903068680.3094
10,10,0,148456359985.82733
10,11,0,165966615366.40228
10,12,0,203494148244.47333
10,13,0,264429876252.2098
10,14,0,285552373158.75616
10,15,0,360832186018.05115
10,16,0,372319038514.0672
10,17,0,410279486493.7149
10,18,0,506707848837.20935
10,19,0,613953129818.0697
10,20,0,701288419745.4207
10,21,0,615552202776.1013
10,22,0,584877732308.6136
10,23,0,559869179791.7205
10,24,0,530683779929.4453
10,25,0,553138414367.0609
10,26,0,771470783218.1078
10,27,0,934173305685.9108
10,28,0,1018847043277.1721
10,29,0,1025211803413.5308
10,30,0,1269179616913.625
10,31,0,1269276828275.782
10,32,0,1401465923172.2427
10,33,0,1322815612694.0005
10,34,0,1393982750472.5898
10,35,0,1601094756209.7515
10,36,0,1605675086549.5576
10,37,0,1452884917959.0918
10,38,0,1503108739159.4397
10,39,0,1492647560196.0366
10,40,0,1362248940482.7715
10,41,0,1376465324384.7876
10,42,0,1494286655373.6118
10,43,0,1840480812641.0835
10,44,0,2115742488204.619
10,45,0,2196126103718.4429
10,46,0,2318593651988.458
10,47,0,2657213249384.068
10,48,0,2918382891460.378
10,49,0,2690222283967.769
10,50,0,2642609548930.356
10,51,0,2861408170264.605
10,52,0,2683825225092.6284
10,53,0,2811077725703.5894
10,54,0,2852165760630.2666
10,55,0,2438207896251.8413
10,56,0,2471285607081.7163
10,57,0,2586285406561.506
10,58,0,2777535239277.975
10,40,1,9.5411273
10,41,1,9.66523159
10,42,1,9.98176457
10,43,1,10.04113395
10,44,1,10.12424262
10,45,1,10.17983581
10,46,1,10.32843864
10,47,1,10.26315053
10,48,1,10.45362728
10,49,1,11.24352999
10,50,1,11.17922993
10,51,1,11.1942851
10,52,1,11.3208963
10,53,1,11.44199369
10,54,1,11.59500673
10,55,1,11.50136047
10,56,1,11.53929503
11,40,1,5.97178833
11,41,1,6.32885945
11,42,1,6.58651645
11,43,1,6.85094628
11,44,1,7.05063221
11,45,1,7.18668365
11,46,1,7.32728259
11,47,1,7.43186387
11,48,1,7.68101677
11,49,1,8.52707632
11,50,1,8.47407792
11,51,1,8.42210613
11,52,1,8.33916884
11,53,1,9.77234704
11,54,1,9.72392342
11,55,1,9.79273451
11,56,1,9.7623484
11,11,3,5.03205013275146
11,12,3,5.15937995910645
11,13,3,5.44860982894897
11,14,3,5.39099979400635
11,15,3,6.26878023147583
11,16,3,6.42422008514404
11,17,3,6.06335020065308
11,20,3,5.07011985778809
11,21,3,5.2884202003479
11,22,3,5.1887001991272
11,23,3,5.06150007247925
11,24,3,4.89905977249146
11,25,3,4.5940899848938
11,26,3,4.38083982467651
11,27,3,4.37180995941162
11,28,3,4.26831007003784
11,29,3,4.12511014938354
11,30,3,4.05552005767822
11,31,3,4.1224799156189
11,32,3,4.3344898223877
11,34,3,4.850830078125
11,35,3,4.83926010131836
11,36,3,4.40783977508545
11,38,3,4.22991991043091
11,39,3,4.02541017532349
11,40,3,4.07179
11,41,3,4.14389
11,42,3,4.69248
11,43,3,4.84832
11,44,3,4.77278
11,45,3,4.97698
11,46,3,5.02086
11,47,3,4.9534
11,48,3,4.93553
11,49,3,5.13067
11,50,3,5.77046
11,51,3,5.6462
11,53,3,5.58823
11,54,3,5.66499
11,55,3,5.60939
11,56,3,5.48697
11,0,0,73233967692.10281
11,1,0,77741965703.35442
11,2,0,81247564156.8246
11,3,0,86561961812.32494
11,4,0,94407558351.16156
11,5,0,101824755078.99106
11,6,0,108572752102.0447
11,7,0,113116888210.78702
11,8,0,107759910067.88947
11,9,0,116464702803.21764
11,10,0,130671946244.30045
11,11,0,148113896325.13995
11,12,0,169965034965.03497
11,13,0,192537971582.55756
11,14,0,206131369798.97147
11,15,0,241756637168.14157
11,16,0,232614555256.0647
11,17,0,263066457352.17163
11,18,0,335883029721.95593
11,19,0,438994070309.19104
11,20,0,564947710899.3726
11,21,0,540765675241.1576
11,22,0,515048916841.3696
11,23,0,489618008185.53894
11,24,0,461487097632.349
11,25,0,489285164271.04724
11,26,0,601452653180.8854
11,27,0,745162608269.3251
11,28,0,910122732123.7993
11,29,0,926884816753.9268
11,30,0,1093169389204.5454
11,31,0,1142797178130.5115
11,32,0,1179659529659.5298
11,33,0,1061388722255.549
11,34,0,1140489745944.2915
11,35,0,1341584345905.0022
11,36,0,1415358814352.574
11,37,0,1559078258022.2659
11,38,0,1650172242464.392
11,39,0,1682399288141.0776
11,40,0,1657816613708.579
11,41,0,1640246149417.0146
11,42,0,1784473920863.3093
11,43,0,2053018775510.2039
11,44,0,2416931526913.2188
11,45,0,2538680000000.0
11,46,0,2713749770009.1997
11,47,0,3100882352941.1763
11,48,0,2922667279411.7646
11,49,0,2410909799034.117
11,50,0,2475244321361.1133
11,51,0,2659310054646.231
11,52,0,2704887678386.7217
11,53,0,2786022872706.815
11,54,0,3063803240208.0054
11,55,0,2928591002002.5137
11,56,0,2694283209613.294
11,57,0,2666229179958.0073
11,58,0,2855296731521.964
11,0,2,6.34304141154661
11,1,2,6.1900221427946
11,2,2,6.21039371302834
11,3,2,6.0821261864844
11,4,2,5.8990675845807
11,5,2,5.7567994524874395
11,6,2,5.58871700441142
11,7,2,5.57679279278718
11,8,2,5.31332375497633
11,9,2,4.920792648413539
11,10,2,4.64821582707388
11,11,2,4.53992770292475
11,12,2,4.62463631821789
11,13,2,4.38773952210092
11,14,2,4.5337536713425495
11,15,2,4.77538115196662
11,16,2,4.62862108922364
11,17,2,4.40304742202419
11,18,2,4.23291448536506
11,19,2,4.18525951189862
11,20,2,4.48946305384271
11,21,2,4.45714179534348
11,22,2,4.81269546222364
11,23,2,4.826610443930511
11,24,2,4.92605477509468
11,25,2,4.75847932202145
11,26,2,4.52516505772451
11,27,2,4.19144013246631
11,28,2,3.7689745950034297
11,29,2,3.6139569859067397
11,30,2,3.56232123221255
11,31,2,3.6817904025828496
11,32,2,3.4563428894476096
11,33,2,3.21123472943224
11,34,2,3.02457340082341
11,35,2,2.56359446024741
11,36,2,2.44702977091801
11,37,2,2.2963729499775
11,38,2,2.24575228149042
11,39,2,2.18494643885806
11,40,2,2.1389996337235098
11,41,2,2.1730622970791797
11,42,2,2.2369175184875902
11,43,2,2.2967063866431
11,44,2,2.2452991726422002
11,45,2,2.18420770288165
11,46,2,2.1311963555544597
11,47,2,2.139425291383
11,48,2,2.2594531192635
11,49,2,2.4184351810712
11,50,2,2.36792473035643
11,51,2,2.28739421092508
11,52,2,2.18544195437133
11,53,2,2.06502466578136
11,54,2,1.9488069967114803
11,55,2,1.8596120240168101
11,56,2,1.81078016820308
11,57,2,1.77109384285715
11,58,2,1.78220538089607
12,10,3,1.54649996757507
12,11,3,1.30245995521545
12,13,3,1.11261999607086
12,14,3,1.33608996868134
12,15,3,1.46085000038147
12,16,3,1.44825005531311
12,17,3,1.4937299489975
12,18,3,1.68570005893707
12,21,3,1.69280004501343
12,22,3,1.68684005737305
12,23,3,1.68868005275726
12,24,3,1.81002998352051
12,26,3,1.83336997032166
12,27,3,1.83421003818512
12,28,3,1.86893999576569
12,29,3,2.01546001434326
12,30,3,2.04608011245728
12,31,3,1.93432998657227
12,38,3,2.89256000518799
12,39,3,3.02772998809814
12,40,3,3.23019
12,41,3,3.36458
12,42,3,3.42431
12,43,3,3.42934
12,44,3,3.66719
12,45,3,3.96396
12,0,0,4335186016.839422
12,1,0,4961400439.317218
12,2,0,5213047711.427045
12,3,0,5895278024.092021
12,4,0,6669673257.118299
12,5,0,7689154053.358663
12,6,0,8591517943.60129
12,7,0,9275600800.356443
12,8,0,10090675902.536438
12,9,0,11615657031.238716
12,10,0,13139862500.0
12,11,0,14591755681.818182
12,12,0,16885506818.18182
12,13,0,22347844649.021862
12,14,0,25351305681.818184
12,15,0,28525872476.089264
12,16,0,31152840485.074627
12,17,0,36176233117.48381
12,18,0,44270203153.98887
12,19,0,54481875804.9678
12,20,0,56829663469.224625
12,21,0,52346507380.0738
12,22,0,54617991326.53061
12,23,0,49428872678.01857
12,24,0,48020024788.39178
12,25,0,47820850974.58672
12,26,0,56379593719.57157
12,27,0,65652751132.360344
12,28,0,76261278404.9964
12,29,0,79169043642.46747
12,30,0,97891090928.63284
12,31,0,105143232379.88408
12,32,0,116224673042.54558
12,33,0,108809058858.50179
12,34,0,116601802106.74158
12,35,0,136878366230.328
12,36,0,145861612825.59454
12,37,0,143157600024.95944
12,38,0,144428172835.2358
12,39,0,142540728958.02258
12,40,0,130133845771.14429
12,41,0,136191353467.56152
12,42,0,153830947016.75137
12,43,0,201924270316.0271
12,44,0,240521260988.32877
12,45,0,247783001865.4396
12,46,0,273317737046.79462
12,47,0,318497936901.1771
12,48,0,354460802548.7037
12,49,0,330000252153.3759
12,50,0,299361576558.2166
12,51,0,287797822093.1777
12,52,0,245670666639.0469
12,53,0,239862011450.10287
12,54,0,237029579260.72223
12,55,0,196591353761.2258
12,56,0,195222443512.9373
12,57,0,203085551429.13184
12,58,0,218031844583.99377
12,40,1,7.24332552
12,41,1,7.98783985
12,42,1,8.23378017
12,43,1,8.19821017
12,44,1,7.93223791
12,45,1,8.99658302
12,46,1,8.96532608
12,47,1,9.06037384
12,48,1,9.38345982
12,49,1,9.46849875
12,50,1,9.56003701
12,51,1,9.0980985
12,52,1,8.88281165
12,53,1,8.41445401
12,54,1,7.94998091
12,55,1,8.19431265
12,56,1,8.45429347
12,0,2,4.85730295953435
12,1,2,4.24357000022985
12,2,2,4.04842971228294
12,3,2,3.8244846396228502
12,4,2,3.57356211032106
12,5,2,3.4984649205928102
12,6,2,3.58468738765907
12,7,2,4.34570766758805
12,8,2,4.690180266412581
12,9,2,4.78878606005897
12,10,2,4.197302194483591
12,11,2,4.1191991730591395
12,12,2,3.95652514491618
12,13,2,3.5177090640908
12,14,2,4.82446883464592
12,15,2,5.84732162220776
12,16,2,5.82922738415295
12,17,2,5.9185356544211105
12,18,2,5.57544451249418
12,19,2,5.181248328693
12,20,2,4.660805995178699
12,21,2,5.7357013089349
12,22,2,5.62659345822855
12,23,2,5.17247666277713
12,24,2,4.83544433693963
12,25,2,4.69256693840525
12,26,2,4.128015122113069
12,27,2,4.25552044841929
12,28,2,4.19823223061689
12,29,2,3.7658694645888002
12,30,2,3.79826032707078
12,31,2,3.484865109943
12,32,2,3.62980089042347
12,33,2,3.60012469561704
12,34,2,3.58197232877289
12,35,2,3.17319019644845
12,36,2,3.31191328182087
12,37,2,3.36586889039913
12,38,2,3.5338688153516102
12,39,2,3.3604699446527198
12,40,2,3.4653553200888103
12,41,2,3.2514128562281694
12,42,2,3.07737457530621
12,43,2,2.49389475249858
12,44,2,2.60567252971209
12,45,2,2.83659627711189
12,46,2,2.78341887026498
12,47,2,2.6793059214126402
12,48,2,2.98305234467131
12,49,2,3.2248411378296398
12,50,2,2.727009925486
12,51,2,2.4769491654622398
12,52,2,2.40769137499271
12,53,2,2.3576812507819698
12,54,2,2.33358454907882
12,55,2,2.45094228552938
12,56,2,2.54306318620134
12,57,2,2.51912140468631
12,58,2,2.3852815561237
13,37,3,3.3613600730896
13,38,3,3.57256007194519
13,39,3,4.41539001464844
13,40,3,4.32479
13,43,3,3.61341
13,44,3,3.35254
13,45,3,3.18875
13,46,3,3.14285
13,49,3,3.27825
13,50,3,3.37769
13,51,3,3.79618
13,52,3,3.8675
13,53,3,3.84467
13,0,0,37029883875.457275
13,1,0,39232435784.09459
13,2,0,42161481858.70136
13,3,0,48421923458.74126
13,4,0,56480289940.82615
13,5,0,59554854574.794205
13,6,0,45865462033.909996
13,7,0,50134942203.44666
13,8,0,53085455870.82267
13,9,0,58447995016.84934
13,10,0,62422483054.517334
13,11,0,67350988020.904106
13,12,0,71463193830.40645
13,13,0,85515269585.52206
13,14,0,99525899115.77562
13,15,0,98472796457.11397
13,16,0,102717164465.89397
13,17,0,121487322474.29842
13,18,0,137300295308.0378
13,19,0,152991653792.8644
13,20,0,186325345089.75394
13,21,0,193490610032.09958
13,22,0,200715145360.91833
13,23,0,218262273410.09882
13,24,0,212158234164.06015
13,25,0,232511877842.0408
13,26,0,248985994044.19974
13,27,0,279033584092.1587
13,28,0,296588994812.0594
13,29,0,296042354986.1256
13,30,0,320979026419.6334
13,31,0,270105341879.22638
13,32,0,288208430383.9644
13,33,0,279296022987.9194
13,34,0,327275583539.5586
13,35,0,360281952716.79675
13,36,0,392897054348.07104
13,37,0,415867753863.8743
13,38,0,421351477504.743
13,39,0,458820417337.80707
13,40,0,468394937262.36993
13,41,0,485441014538.63824
13,42,0,514937948870.0803
13,43,0,607699285433.8718
13,44,0,709148514804.6595
13,45,0,820381595512.9016
13,46,0,940259888792.1414
13,47,0,1216735441524.8618
13,48,0,1198895582137.5146
13,49,0,1341886602798.6855
13,50,0,1675615335600.5637
13,51,0,1823050405350.4167
13,52,0,1827637859135.6963
13,53,0,1856722121394.5347
13,54,0,2039127446298.5498
13,55,0,2103587813812.7495
13,56,0,2290432075123.7476
13,57,0,2652242857923.913
13,58,0,2718732231257.571
13,40,1,4.03493293
13,41,1,4.26278075
13,42,1,4.24016746
13,43,1,4.00848052
13,44,1,3.95739183
13,45,1,3.79116251
13,46,1,3.634778
13,47,1,3.51754201
13,48,1,3.51468067
13,49,1,3.48537865
13,50,1,3.27211934
13,51,1,3.24634215
13,52,1,3.32935296
13,53,1,3.74944184
13,54,1,3.61956552
13,55,1,3.59770551
13,56,1,3.65833057
13,0,2,2.0040123456790098
13,1,2,2.07435972060536
13,2,2,2.7454004329004302
13,3,2,4.02530602636535
13,4,2,3.8192369802180095
13,5,2,3.87141491395794
13,6,2,3.57237064592492
13,7,2,3.22392372146778
13,8,2,3.2455685846741202
13,9,2,3.1408145580589295
13,10,2,3.18518303985171
13,11,2,3.6524535235624698
13,12,2,3.7179474612820997
13,13,2,3.1586437671343304
13,14,2,3.20282632441289
13,15,2,3.53459878110716
13,16,2,3.4778831428908004
13,17,2,3.1627719371291803
13,18,2,3.1263317016988204
13,19,2,3.26132865787541
13,20,2,3.13378132972583
13,21,2,3.18624812218328
13,22,2,3.34511766555139
13,23,2,3.3230686597073995
13,24,2,3.41687559436328
13,25,2,3.5690302776082996
13,26,2,4.10646868066223
13,27,2,4.2313175270108
13,28,2,3.72867178276269
13,29,2,3.53417972767288
13,30,2,3.14621461029962
13,31,2,2.90997432764267
13,32,2,2.70483970561409
13,33,2,2.82354224568723
13,34,2,2.66467372708604
13,35,2,2.5784835724606903
13,36,2,2.4727682254674
13,37,2,2.6477324260171597
13,38,2,2.7273114167937598
13,39,2,2.95719564743412
13,40,2,2.94892990622572
13,41,2,2.9244355462896
13,42,2,2.82686683045838
13,43,2,2.6777769322274803
13,44,2,2.82875224798105
13,45,2,2.7549076662149603
13,46,2,2.52680863026345
13,47,2,2.34263388324219
13,48,2,2.55019484694657
13,49,2,2.8934959701011
13,50,2,2.70746404217818
13,51,2,2.65149668110065
13,52,2,2.53734660363375
13,53,2,2.47272671433353
13,54,2,2.49676988106994
13,55,2,2.4051274700264003
13,56,2,2.5064707505609602
13,57,2,2.5096245584148202
13,58,2,2.41903434166523
14,10,3,3.37794995307922
14,11,3,2.90836000442505
14,14,3,3.84783005714417
14,15,3,3.72390007972717
14,16,3,3.93249011039734
14,18,3,3.79287004470825
14,19,3,4.17750978469849
14,23,3,4.50292015075684
14,24,3,4.79036998748779
14,25,3,4.70532989501953
14,26,3,4.67030000686646
14,28,3,4.60797023773193
14,33,3,4.74955987930298
14,34,3,4.44797992706299
14,35,3,4.33294010162354
14,36,3,4.45951986312866
14,38,3,4.46346998214722
14,39,3,4.52335977554321
14,40,3,4.29886
14,41,3,4.66888
14,42,3,4.44711
14,43,3,4.5548
14,44,3,4.39717
14,45,3,4.24942
14,46,3,4.53777
14,47,3,4.11852
14,48,3,4.40287
14,49,3,4.53631
14,50,3,4.35239
14,51,3,4.14407
14,52,3,4.08391
14,53,3,4.16472
14,54,3,4.07525
14,55,3,4.08169
14,56,3,3.82943
14,0,0,40385288344.19115
14,1,0,44842760293.19238
14,2,0,50383891898.99112
14,3,0,57710743059.834145
14,4,0,63175417019.00941
14,5,0,67978153850.51908
14,6,0,73654870011.27574
14,7,0,81133120065.42024
14,8,0,87942231678.35052
14,9,0,97085082807.37509
14,10,0,113395315675.34077
14,11,0,124672367041.1985
14,12,0,145260039508.63214
14,13,0,175492057123.87912
14,14,0,199564490324.50134
14,15,0,227695850533.80783
14,16,0,224717279134.6825
14,17,0,257596312925.17007
14,18,0,315058323522.70135
14,19,0,393677160801.6779
14,20,0,477256776396.1112
14,21,0,430702851303.01483
14,22,0,427272645239.79956
14,23,0,443042373916.3692
14,24,0,437887688781.13293
14,25,0,452217491937.9373
14,26,0,640386352123.6523
14,27,0,805713128772.0347
14,28,0,891608957601.9042
14,29,0,928661332486.5933
14,30,0,1181222652714.9321
14,31,0,1246220155454.971
14,32,0,1320161645718.7747
14,33,0,1064958075919.7737
14,34,0,1099216688640.7301
14,35,0,1174662070605.0159
14,36,0,1312426527795.2063
14,37,0,1241879604365.6206
14,38,0,1270052525928.404
14,39,0,1252023758789.6868
14,40,0,1143829832319.882
14,41,0,1167012796420.5818
14,42,0,1270712309429.7007
14,43,0,1574145823927.7651
14,44,0,1803226967966.228
14,45,0,1857524312896.4058
14,46,0,1947919708944.9253
14,47,0,2210292636189.433
14,48,0,2398856598798.8867
14,49,0,2191241872742.4285
14,50,0,2134017843247.1558
14,51,0,2291991045770.294
14,52,0,2087077032435.1492
14,53,0,2141315327318.207
14,54,0,2159133919743.7651
14,55,0,1835899237320.0383
14,56,0,1875579883543.0935
14,57,0,1956960611690.5908
14,58,0,2083864259622.6484
14,40,1,7.58037235
14,41,1,7.76886299
14,42,1,7.89303446
14,43,1,7.85541424
14,44,1,8.18779716
14,45,1,8.3612048
14,46,1,8.459686810000001
14,47,1,8.16283649
14,48,1,8.56183142
14,49,1,8.97653684
14,50,1,8.95361182
14,51,1,8.83464291
14,52,1,8.95606116
14,53,1,8.95226727
14,54,1,9.01144092
14,55,1,8.98541669
14,56,1,8.93549301
14,0,2,2.71382598828575
14,1,2,2.57386907530496
14,2,2,2.6338383568595503
14,3,2,2.75343795360876
14,4,2,2.72735589826609
14,5,2,2.7475801622298404
14,6,2,2.98871998055421
14,7,2,2.767746940336
14,8,2,2.64896159188232
14,9,2,2.42240082694152
14,10,2,2.05821005427826
14,11,2,2.2389709472173
14,12,2,2.39117601629548
14,13,2,2.1958174142776397
14,14,2,2.07062677398957
14,15,2,1.97523216803617
14,16,2,1.82814366885272
14,17,2,1.89080851218824
14,18,2,1.8797551045681802
14,19,2,1.8739594666396802
14,20,2,1.76364323708972
14,21,2,1.82111250603573
14,22,2,2.0053729031431
14,23,2,2.01650141992046
14,24,2,2.00860777360645
14,25,2,1.9363689201663499
14,26,2,1.97714264210667
14,27,2,2.0603536440041403
14,28,2,2.07285745924484
14,29,2,2.02642731989536
14,30,2,1.8807984132592
14,31,2,1.8588526837555401
14,32,2,1.7519769834748702
14,33,2,1.7867679733127
14,34,2,1.71374275955101
14,35,2,1.46784314334637
14,36,2,1.58849227935037
14,37,2,1.62669279946621
14,38,2,1.64450887913205
14,39,2,1.68329979808882
14,40,2,1.74105950432123
14,41,2,1.6793647376814502
14,42,2,1.7061872461629002
14,43,2,1.70899553724228
14,44,2,1.68267326961679
14,45,2,1.60517041562355
14,46,2,1.5254829046466
14,47,2,1.45180754779532
14,48,2,1.5408956084205
14,49,2,1.55853634702698
14,50,2,1.50682091062437
14,51,2,1.48613565534828
14,52,2,1.43673729982365
14,53,2,1.4061281724513
14,54,2,1.28738252755904
14,55,2,1.21061949945203
14,56,2,1.33960598612479
14,57,2,1.36652876351231
14,58,2,1.3327023072539
15,11,3,3.65630006790161
15,12,3,4.01131010055542
15,13,3,4.04297018051147
15,14,3,4.04003000259399
15,15,3,4.66899013519287
15,16,3,4.85082006454468
15,17,3,4.84027004241943
15,18,3,4.89441013336182
15,19,3,5.05744981765747
15,20,3,5.0687198638916
15,21,3,5.06440019607544
15,22,3,5.04606008529663
15,23,3,4.82426977157593
15,27,3,5.596519947052
15,28,3,5.55604982376099
15,29,3,5.3671498298645
15,33,3,3.42903995513916
15,34,3,3.63566994667053
15,35,3,3.46572995185852
15,38,3,3.35602998733521
15,39,3,3.43330001831055
15,40,3,3.51617
15,41,3,3.45707
15,42,3,3.46537
15,43,3,3.52369
15,44,3,3.48307
15,45,3,3.36862
15,46,3,3.32909
15,47,3,3.33094
15,48,3,3.31915
15,50,3,3.6395
15,51,3,3.64258
15,52,3,3.69226
15,53,3,3.66538
15,54,3,3.59059
15,0,2,1.0805948893483301
15,1,2,0.9166602022082591
15,2,2,0.8829815838524879
15,3,2,0.902911616201838
15,4,2,0.87504612187006
15,5,2,0.8997139901417881
15,6,2,0.879421011265392
15,7,2,0.836230312650205
15,8,2,0.793866529243094
15,9,2,0.772551017292608
15,10,2,0.773230313218779
15,11,2,0.824119314063094
15,12,2,0.842475301533426
15,13,2,0.815014489146474
15,14,2,0.862068323351509
15,15,2,0.907387056975466
15,16,2,0.891651107922652
15,17,2,0.890681061512105
15,18,2,0.891286374043561
15,19,2,0.907392110929058
15,20,2,0.9067942134500641
15,21,2,0.9166481529716399
15,22,2,0.926375566882048
15,23,2,0.952297427190256
15,24,2,0.958404158758974
15,25,2,0.9593979139648801
15,26,2,0.962811252055438
15,27,2,0.9655109128384669
15,28,2,0.94970885873148
15,29,2,0.9407810358868819
15,30,2,0.941791766132693
15,31,2,0.940821904384541
15,32,2,0.948312440331709
15,33,2,0.9506638247552259
15,34,2,0.922871800066077
15,35,2,0.916876617063548
15,36,2,0.9112470756850091
15,37,2,0.9204378981264361
15,38,2,0.938594774652954
15,39,2,0.94524833744442
15,40,2,0.9311361556541979
15,41,2,0.947079855833118
15,42,2,0.955834671547417
15,43,2,0.9556739057591499
15,44,2,0.941607638434338
15,45,2,0.93158165258881
15,46,2,0.917197037578028
15,47,2,0.897626654117959
15,48,2,0.920247843496941
15,49,2,0.983777356941048
15,50,2,0.958851325032142
15,51,2,0.9868062925244481
15,52,2,0.96742708258411
15,53,2,0.950865860745235
15,54,2,0.966999334469794
15,55,2,0.9580504310453399
15,56,2,0.9395826029538029
15,57,2,0.930768157014813
15,58,2,0.9238395357382819
15,40,1,7.15091301
15,41,1,7.35919809
15,42,1,7.47336461
15,43,1,7.61100288
15,44,1,7.65719447
15,45,1,7.78066856
15,46,1,7.80784261
15,47,1,7.89046068
15,48,1,8.19951431
15,49,1,9.05829702
15,50,1,9.15677291
15,51,1,10.61671765
15,52,1,10.79065328
15,53,1,10.79159414
15,54,1,10.83205006
15,55,1,10.87187938
15,56,1,10.92612327
15,0,0,44307342950.4
15,1,0,53508617739.37778
15,2,0,60723018683.73333
15,3,0,69498131797.33333
15,4,0,81749006381.51111
15,5,0,90950278257.77777
15,6,0,105628070343.11111
15,7,0,123781880217.6
15,8,0,146601072685.5111
15,9,0,172204199480.8889
15,10,0,212609187920.83334
15,11,0,240151807459.95538
15,12,0,318031297492.6815
15,13,0,432082670451.0866
15,14,0,479625998614.77496
15,15,0,521541905671.90326
15,16,0,586161859001.02
15,17,0,721411786537.1868
15,18,0,1013612173519.792
15,19,0,1055012119528.1556
15,20,0,1105385973763.8748
15,21,0,1218988935129.8066
15,22,0,1134518001884.56
15,23,0,1243323592058.8333
15,24,0,1318381627003.7576
15,25,0,1398892744820.6936
15,26,0,2078953333673.5505
15,27,0,2532808573157.031
15,28,0,3071683013178.912
15,29,0,3054914166263.1807
15,30,0,3132817652848.0415
15,31,0,3584420077100.842
15,32,0,3908809463463.857
15,33,0,4454143876947.206
15,34,0,4907039384469.678
15,35,0,5449116304981.097
15,36,0,4833712542207.097
15,37,0,4414732843544.432
15,38,0,4032509760872.936
15,39,0,4562078822335.453
15,40,0,4887519660744.858
15,41,0,4303544259842.7207
15,42,0,4115116279069.767
15,43,0,4445658071221.864
15,44,0,4815148854362.112
15,45,0,4755410630912.137
15,46,0,4530377224970.399
15,47,0,4515264514430.568
15,48,0,5037908465114.4795
15,49,0,5231382674593.7
15,50,0,5700098114744.41
15,51,0,6157459594823.717
15,52,0,6203213121334.122
15,53,0,5155717056270.827
15,54,0,4850413536037.841
15,55,0,4389475622588.974
15,56,0,4926667087367.507
15,57,0,4859950558538.971
15,58,0,4971323079771.87
16,11,3,3.92982006072998
16,12,3,4.47633981704712
16,13,3,4.65051984786987
16,14,3,5.06550979614258
16,15,3,5.60612010955811
16,16,3,5.74410009384155
16,17,3,5.13632011413574
16,20,3,5.38787984848022
16,21,3,5.92372989654541
16,22,3,5.67812013626099
16,23,3,5.43830013275146
16,24,3,4.58095979690552
16,25,3,5.19976997375488
16,26,3,6.01379013061523
16,28,3,6.60055017471313
16,29,3,6.035719871521
16,31,3,6.57067012786865
16,32,3,6.07590007781982
16,33,3,6.02915000915527
16,34,3,5.9240198135376
16,39,3,5.32323980331421
16,40,3,5.18673
16,41,3,5.20621
16,42,3,6.172
16,43,3,6.49427
16,44,3,6.79693
16,45,3,7.33565
16,46,3,7.04984
16,50,3,5.50822
16,51,3,5.33529
16,52,3,5.50904
16,53,3,5.41138
16,54,3,5.28021
16,55,3,5.27134
16,56,3,5.36267
16,57,3,5.23898
16,0,0,791265458.8180758
16,1,0,792959472.1390238
16,2,0,868111400.0140728
16,3,0,926589348.5729532
16,4,0,998759333.6433259
16,5,0,997919319.9800489
16,6,0,1164519673.197631
16,7,0,1232559505.9235919
16,8,0,1353295457.5261025
16,9,0,1458379415.4027777
16,10,0,1603447357.251713
16,11,0,1778391289.1912289
16,12,0,2107279157.3833563
16,13,0,2502142444.1552544
16,14,0,2973309272.044873
16,15,0,3259344935.7683606
16,16,0,3474542392.0321245
16,17,0,4494378855.331085
16,18,0,5303734882.534465
16,19,0,6234390975.27091
16,20,0,7265315331.622727
16,21,0,6854491453.902078
16,22,0,6431579357.312563
16,23,0,5979198463.830247
16,24,0,6191437070.44184
16,25,0,6135034338.304308
16,26,0,7239126716.932191
16,27,0,7970820530.75078
16,28,0,8355380879.129548
16,29,0,8283114648.36775
16,30,0,8572359162.856306
16,31,0,8151479004.213335
16,32,0,8209129171.7364855
16,33,0,5751789915.053628
16,34,0,7148145375.785451
16,35,0,9046326059.988565
16,36,0,12045858436.239931
16,37,0,13115773737.566362
16,38,0,14093998843.733381
16,39,0,12896013576.732428
16,40,0,12705357103.00556
16,41,0,12986007425.878052
16,42,0,13147743910.72406
16,43,0,14904517649.847567
16,44,0,16095337093.836601
16,45,0,18737897744.79479
16,46,0,25825524820.806427
16,47,0,31958195182.240604
16,48,0,35895153327.849686
16,49,0,37021512048.815796
16,50,0,40000088346.80412
16,51,0,41953433591.41006
16,52,0,50412754861.0191
16,53,0,55096728047.94079
16,54,0,61448046801.60414
16,55,0,64007750178.5014
16,56,0,69188755511.09114
16,57,0,78757391333.02194
16,58,0,87908262519.91637
16,40,1,4.72945488
16,41,1,4.81983622
16,42,1,5.02284555
16,43,1,5.16911124
16,44,1,5.34493777
16,45,1,5.31436767
16,46,1,5.8734461
16,47,1,5.9970698
16,48,1,6.04985664
16,49,1,6.02780759
16,50,1,6.11675065
16,51,1,5.81170413
16,52,1,5.61369749
16,53,1,5.51936088
16,54,1,5.30316541
16,55,1,4.89013852
16,56,1,4.54957525
16,3,2,0.20648967551622402
16,4,2,0.589887640449438
16,5,2,0.990334780781622
16,6,2,1.1332684824902701
16,7,2,1.304993715004
16,8,2,1.2183428869202702
16,9,2,1.08006912442396
16,10,2,1.0574832594138601
16,11,2,1.22771506422733
16,12,2,1.5418118466899
16,13,2,1.6592780240658598
16,14,2,1.7770025564550498
16,15,2,1.8789025543992401
16,16,2,2.48474297785776
16,17,2,3.7401755405364097
16,18,2,5.19929215471476
16,19,2,5.50160584679969
16,20,2,4.5153198351549895
16,21,2,4.22532483879088
16,22,2,4.57278317930395
16,23,2,4.19523392431061
16,24,2,3.47691247415576
16,25,2,2.3757574555444303
16,26,2,2.50357532007627
16,27,2,3.13374349122125
16,28,2,2.94555339497599
16,29,2,2.74085168629691
16,30,2,2.88821495785942
16,31,2,2.35425808983553
16,32,2,1.9007467624539203
16,33,2,1.8377415951273302
16,34,2,1.64125280758672
16,35,2,1.6467162313649202
16,36,2,1.4179547033567002
16,37,2,1.34063859838611
16,38,2,1.22012251882916
16,39,2,1.1869741480545801
16,40,2,1.31374203224597
16,41,2,1.50475490196078
16,42,2,1.6324078112128702
16,43,2,1.65009984272562
16,44,2,1.6141942369263598
16,45,2,1.6905870137942198
16,46,2,1.45517741016444
16,47,2,1.54791249583401
16,48,2,1.6158502942742399
16,49,2,1.56144803484178
16,50,2,1.55513810010633
16,51,2,1.5414186403650398
16,52,2,1.66647472985024
16,53,2,1.56179431625978
16,54,2,1.3329611536188999
16,55,2,1.32302683238338
16,56,2,1.3231676959981
16,57,2,1.28737427114205
16,58,2,1.22042498645365
17,30,0,28901836158.19209
17,31,0,31995012468.82793
17,32,0,33881392045.454544
17,33,0,30657030223.390274
17,34,0,28607921928.81745
17,35,0,25544128198.995453
17,36,0,27884615384.615383
17,37,0,30698633109.134304
17,38,0,27249786142.00171
17,39,0,35976714100.90556
17,40,0,38270206950.409996
17,41,0,34110064452.15667
17,42,0,20481889763.779526
17,43,0,26265625000.0
17,44,0,33122307692.30769
17,45,0,47334148578.41639
17,46,0,54961936662.606575
17,47,0,67516236337.71583
17,48,0,87140405361.22916
17,49,0,63028320702.0343
17,50,0,74773444900.53679
17,51,0,34699395523.607254
17,52,0,81873662518.8238
17,53,0,65502870173.78312
17,54,0,41142722414.33511
17,55,0,27842131479.872574
17,56,0,26197143268.12428
17,57,0,37881431912.75649
17,58,0,48364208571.42857
17,39,3,2.26416993141174
17,40,1,3.42542057
17,41,1,4.05162821
17,42,1,4.89009927
17,43,1,4.10041168
17,44,1,3.49171287
17,45,1,2.59774676
17,46,1,2.51467609
17,47,1,2.4379137
17,48,1,2.63571721
17,49,1,4.28816055
17,50,1,3.58541106
17,51,1,6.05012753
17,0,2,1.592
17,1,2,1.85507246376812
17,2,2,3.10416666666667
17,3,2,2.40794223826715
17,4,2,1.84375
17,5,2,1.8571428571428599
17,6,2,2.91492329149233
17,7,2,3.36094674556213
17,8,2,2.8559463986599702
17,9,2,3.76288659793814
17,10,2,6.07293127629734
17,11,2,5.32267977873387
17,12,2,3.70967741935484
17,13,2,3.98486197684773
17,14,2,3.2912696368787002
17,15,2,2.25396825396825
17,16,2,1.9686162624821701
17,17,2,2.4639944473364603
17,18,2,3.79922644163151
17,19,2,3.22074942645934
17,20,2,2.92236435818262
17,21,2,1.75511376328302
17,22,2,2.2405257767156
17,37,2,4.078026715668949
17,38,2,5.29744153194161
17,39,2,3.7838602447131997
17,40,2,3.14686367358096
17,41,2,2.4135078584983702
17,42,2,2.06923852022456
17,43,2,2.07204807151526
17,44,2,2.0710744567483697
17,45,2,1.52811115994456
17,46,2,1.12033540648601
17,47,2,0.946677517254647
17,48,2,1.48985108130425
17,52,2,3.74560382719202
17,53,2,7.63928454535536
17,54,2,15.479576301383199
18,40,1,4.44912478
18,41,1,4.82035782
18,42,1,5.07164267
18,43,1,5.8148642
18,44,1,5.9539033
18,45,1,5.83612189
18,46,1,5.65525506
18,47,1,5.76644511
18,48,1,5.40618969
18,49,1,5.7753706
18,50,1,5.75136576
18,51,1,5.52097397
18,52,1,5.66298734
18,53,1,5.81035295
18,54,1,5.53723009
18,55,1,5.65276786
18,56,1,5.46900124
18,0,2,0.6735086593970491
18,1,2,0.651780325890163
18,2,2,0.689655172413793
18,3,2,0.718685831622177
18,4,2,0.677506775067751
18,5,2,0.5912698412698411
18,6,2,0.576379066478076
18,7,2,0.545217107411035
18,8,2,0.548510763786494
18,9,2,0.600160042678047
18,10,2,0.49741165878910604
18,11,2,0.48765558049377705
18,12,2,0.53656808925093
18,13,2,0.54421768707483
18,14,2,0.565744136934534
18,15,2,0.5735842196163979
18,16,2,0.5981035740335521
18,17,2,0.53425620505056
18,18,2,0.504834431419526
18,19,2,0.505297473512632
18,20,2,0.41610738255033597
18,21,2,0.5133010143805761
18,22,2,0.495419417575106
18,23,2,0.522866313988212
18,24,2,0.659819059927896
18,25,2,0.676313139343828
18,26,2,0.634622463096704
18,27,2,0.580341889191456
18,28,2,0.536145374184792
18,29,2,0.517255829376633
18,30,2,0.474701678193781
18,31,2,0.47728862888016405
18,32,2,0.5146143513097999
18,33,2,0.48540118774678304
18,34,2,0.568745229789455
18,35,2,0.494263169291766
18,36,2,0.522312405056151
18,37,2,0.502161462339314
18,38,2,0.493783436782281
18,39,2,0.505339331348712
18,40,2,0.48896405657851905
18,41,2,0.485251890868854
18,42,2,0.46243935029914
18,43,2,0.444972009605326
18,44,2,0.400006006365321
18,45,2,0.412720404783549
18,46,2,0.41855190982629903
18,47,2,0.45405647716336
18,48,2,0.445019334057499
18,49,2,0.539474466704569
18,50,2,0.5574958647858129
18,51,2,0.548195293608094
18,52,2,0.581036957628398
18,53,2,0.614983409113092
18,54,2,0.659120390949835
18,55,2,0.661709561237215
18,56,2,0.5592301906544169
18,57,2,0.502372222667342
18,58,2,0.5388838656804921
18,29,3,2.2820100784301802
18,30,3,2.32498002052307
18,31,3,2.54800009727478
18,32,3,3.00501990318298
18,34,3,3.64708995819092
18,35,3,3.69255995750427
18,38,3,3.36528992652893
18,39,3,3.53536009788513
18,40,3,3.99244
18,41,3,4.24104
18,42,3,4.45496
18,43,3,5.07258
18,44,3,4.72671
18,45,3,4.84569
18,46,3,4.69992
18,47,3,4.69051
18,48,3,4.82007
18,49,3,5.18794
18,50,3,5.15922
18,51,3,5.10565
18,52,3,5.1031
18,53,3,4.69605
18,54,3,5.26062
18,55,3,5.23524
18,56,3,4.91005
18,0,0,13040000000.0
18,1,0,14160000000.000002
18,2,0,15200000000.0
18,3,0,16960000000.0
18,4,0,20080000000.0
18,5,0,21840000000.0
18,6,0,24320000000.0
18,7,0,26560000000.0
18,8,0,29360000000.0
18,9,0,32480000000.0
18,10,0,35520000000.0
18,11,0,39200000000.0
18,12,0,45200000000.0
18,13,0,55280000000.0
18,14,0,72000000000.0
18,15,0,88000000000.0
18,16,0,89025974025.97401
18,17,0,81814159292.0354
18,18,0,102500000000.0
18,19,0,134561403508.77193
18,20,0,205139086956.52173
18,21,0,263959336734.69382
18,22,0,184609157801.41846
18,23,0,156159198584.5129
18,24,0,184261495828.36713
18,25,0,195219789801.47916
18,26,0,134550096436.74403
18,27,0,147540738281.81686
18,28,0,181611549975.804
18,29,0,221400669713.58926
18,30,0,261253582805.9447
18,31,0,313142768453.4853
18,32,0,363157598242.26953
18,33,0,500736065605.3408
18,34,0,527813238126.2777
18,35,0,360073909243.85455
18,36,0,410975595310.15607
18,37,0,500413483109.1748
18,38,0,526502129378.28375
18,39,0,600232874042.9271
18,40,0,707906744574.6437
18,41,0,756706300589.7905
18,42,0,772106378935.377
18,43,0,729336319677.4492
18,44,0,782240601984.7599
18,45,0,877476221382.1012
18,46,0,975387131716.0894
18,47,0,1052696282278.875
18,48,0,1109989063586.6194
18,49,0,900045350649.3506
18,50,0,1057801295584.0457
18,51,0,1180489601957.612
18,52,0,1201089987015.4524
18,53,0,1274443084716.5676
18,54,0,1314563967425.2397
18,55,0,1170564619927.6895
18,56,0,1077903618176.0708
18,57,0,1157736189998.1506
18,58,0,1220699479845.9802
19,28,0,554713455149.5016
19,29,0,506500173960.2692
19,30,0,516814274021.9559
19,31,0,517962962962.963
19,32,0,460290556900.7264
19,33,0,435083713850.83716
19,34,0,395077301248.4637
19,35,0,395537185734.8544
19,36,0,391724890744.49817
19,37,0,404928954191.87555
19,38,0,270955486862.44205
19,39,0,195907128350.9342
19,40,0,259710142196.94278
19,41,0,306602070620.5005
19,42,0,345470494417.8628
19,43,0,430347770731.78687
19,44,0,591016690742.7976
19,45,0,764017107992.3916
19,46,0,989930542278.6952
19,47,0,1299705764823.6177
19,48,0,1660846387624.7842
19,49,0,1222644282201.8625
19,50,0,1524917468442.0066
19,51,0,2051661732059.7776
19,52,0,2210256976945.3755
19,53,0,2297128039058.2056
19,54,0,2059984158438.4624
19,55,0,1363594369577.8247
19,56,0,1282723881134.0107
19,57,0,1578624060588.2563
19,58,0,1657554647149.8735
19,40,3,2.93979
19,41,3,3.10602
19,42,3,3.83502
19,43,3,3.67854
19,44,3,3.54787
19,45,3,3.77193
19,46,3,3.86626
19,48,3,4.10175
19,52,3,3.78973
19,53,3,3.75621
19,54,3,4.00528
19,55,3,3.8334
19,56,3,3.74321
19,40,1,5.00587306
19,41,1,5.22819323
19,42,1,5.50623013
19,43,1,5.1492552
19,44,1,4.74706889
19,45,1,4.75843713
19,46,1,4.7532208
19,47,1,4.73465554
19,48,1,4.8899331
19,49,1,5.62815043
19,50,1,4.95722385
19,51,1,4.78151205
19,52,1,4.93199479
19,53,1,5.07075241
19,54,1,5.17099307
19,55,1,5.27700319
19,56,1,5.27112755
19,32,2,4.4270323212536695
19,33,2,4.181324647122691
19,34,2,4.5237006553879
19,35,2,3.7844299674267097
19,36,2,3.7565588208028204
19,37,2,4.03980929678188
19,38,2,2.7326490886568697
19,39,2,3.07328792235108
19,40,2,3.30702983667541
19,41,2,3.5463192290881804
19,42,2,3.75627739108018
19,43,2,3.6708380896010397
19,44,2,3.3003536466048295
19,45,2,3.3301031922407702
19,46,2,3.24525437911028
19,47,2,3.1174873330907302
19,48,2,3.14841162292025
19,49,2,3.92273249441802
19,50,2,3.5838590581770897
19,51,2,3.42344793265044
19,52,2,3.68596867256715
19,53,2,3.8462327320162104
19,54,2,4.10418221281141
19,55,2,4.86275810199369
19,56,2,5.4524065102010795
19,57,2,4.23340736959348
19,58,2,3.92951108949691
20,21,3,3.89024996757507
20,22,3,4.14254999160767
20,23,3,5.97797012329102
20,24,3,6.10957002639771
20,26,3,6.25535011291504
20,31,3,5.77945995330811
20,32,3,5.14462995529175
20,33,3,5.99928998947144
20,34,3,6.34382009506226
20,35,3,5.69247007369995
20,36,3,4.94374990463257
20,37,3,4.37707996368408
20,38,3,8.28131008148193
20,39,3,7.07226991653442
20,40,3,5.90982
20,41,3,7.71887
20,42,3,7.63689
20,43,3,7.10509
20,44,3,6.27747
20,45,3,5.43092
20,46,3,5.89117
20,48,3,5.13781
20,8,0,4187777711.111111
20,9,0,4485777644.444445
20,10,0,5377333333.333333
20,11,0,7184853347.597397
20,12,0,9664157498.552402
20,13,0,14947391140.128422
20,14,0,45412957746.47887
20,15,0,46773368205.59473
20,16,0,64005665722.3796
20,17,0,74188249978.724
20,18,0,80265619484.64525
20,19,0,111859676267.55534
20,20,0,164541738058.73688
20,21,0,184291796008.8692
20,22,0,153239017560.2357
20,23,0,129171635311.14326
20,24,0,119624858115.77753
20,25,0,103897846493.64992
20,26,0,86961922765.32541
20,27,0,85695861148.1976
20,28,0,88256074766.35513
20,29,0,95344459279.0387
20,30,0,117630271802.40321
20,31,0,132223268491.32176
20,32,0,137087876662.21628
20,33,0,132967901415.2203
20,34,0,135174886488.65154
20,35,0,143343036341.78906
20,36,0,158662398744.99332
20,37,0,165963557409.87982
20,38,0,146775498080.0
20,39,0,161716960000.0
20,40,0,189514926213.33334
20,41,0,184137469733.33334
20,42,0,189605920240.0
20,43,0,215807655253.33334
20,44,0,258742133333.33334
20,45,0,328459608764.1109
20,46,0,376900133511.34845
20,47,0,415964509673.11536
20,48,0,519796800000.0
20,49,0,429097866666.6667
20,50,0,528207200000.0
20,51,0,671238840106.6666
20,52,0,735974843360.0
20,53,0,746647127413.3334
20,54,0,756350347333.3335
20,55,0,654269902880.0
20,56,0,644935541440.0
20,57,0,688586133333.3334
20,58,0,786521831571.9573
20,40,1,4.21159423
20,41,1,4.46173586
20,42,1,4.24937625
20,43,1,3.97909744
20,44,1,3.5840059
20,45,1,3.41867009
20,46,1,3.61922251
20,47,1,3.56229396
20,48,1,2.97100713
20,49,1,4.29042761
20,50,1,3.65752606
20,51,1,3.71178311
20,52,1,4.01962965
20,53,1,4.46568786
20,54,1,5.22794726
20,55,1,5.99834034
20,56,1,5.74181331
20,3,2,5.90269771731612
20,4,2,5.966305397574851
20,5,2,7.69008939728924
20,6,2,11.3242315101767
20,7,2,11.511831393137
20,8,2,8.08745489280408
20,9,2,9.5705156784069
20,10,2,9.40352743064788
20,11,2,8.640194117454179
20,12,2,10.0815515709133
20,13,2,10.8404475911154
20,17,2,15.648818396759602
20,18,2,16.7365737918065
20,19,2,15.768811806034599
20,20,2,12.613359238789402
20,21,2,13.2652388797364
20,22,2,17.720246395916
20,23,2,16.9729273217747
20,24,2,19.0043483638924
20,25,2,16.9952008673515
20,27,2,16.896414193661
20,28,2,15.1518818830933
20,29,2,13.390316581901299
20,30,2,14.0242926458954
20,31,2,12.4698079910217
20,32,2,11.2841579833052
20,33,2,12.4653722820651
20,34,2,10.644781673537999
20,35,2,9.27846839011516
20,36,2,8.468077759044471
20,37,2,11.0009354234167
20,38,2,14.311037450059299
20,39,2,11.3819360225849
20,40,2,10.5344033130193
20,41,2,11.4190048869926
20,42,2,9.75806380053797
20,43,2,8.68711846455737
20,44,2,8.08155565898243
20,45,2,7.73059923701991
20,46,2,7.84836738956294
20,47,2,8.52705120897854
20,48,2,7.35343846788891
20,49,2,9.6171992613664
20,50,2,8.56567742612792
20,51,2,7.23005332410004
20,52,2,7.67660296778665
20,53,2,8.97612773321565
20,54,2,10.677906298680501
20,55,2,13.325672334973401
20,56,2,9.87273832986563
20,57,2,10.2513563494886
20,58,2,8.77471912659104
21,0,2,3.77697093998143
21,1,2,3.7206133312956897
21,2,2,3.8634442931593003
21,3,2,3.9672772424099203
21,4,2,3.8661977381093102
21,5,2,3.91263074939103
21,6,2,3.8580132711709703
21,7,2,3.61145184983266
21,8,2,3.4765468776781097
21,9,2,3.4592807325458304
21,10,2,3.35866826147039
21,11,2,3.41003678543619
21,12,2,3.4079643498660204
21,13,2,3.27858730550753
21,14,2,3.2153970491201602
21,15,2,3.08160313845438
21,16,2,3.00311290223018
21,17,2,3.10108211536798
21,18,2,3.1477754879379303
21,19,2,3.12335742266503
21,20,2,2.92345159602684
21,21,2,2.9482371468705098
21,22,2,2.85375478407458
21,23,2,2.7378226181065504
21,24,2,2.67196132262297
21,25,2,2.6730084000738
21,26,2,2.58656825639449
21,27,2,2.65329051466664
21,28,2,2.58528674880736
21,29,2,2.5088339222614797
21,30,2,2.5689803154591897
21,31,2,2.45430639025377
21,32,2,2.44419307170226
21,33,2,2.38683434804186
21,34,2,2.2799385244374504
21,35,2,2.16993122604937
21,36,2,2.1531812476546603
21,37,2,1.96735340305191
21,38,2,1.9236345240559198
21,39,2,1.9009729857265
21,40,2,1.8409767304098898
21,41,2,1.7179872324446102
21,42,2,1.6473067364320901
21,43,2,1.60034287466387
21,44,2,1.4430621246309698
21,45,2,1.41684958478818
21,46,2,1.32620694500576
21,47,2,1.30758019656569
21,48,2,1.17080586293345
21,49,2,1.17712314881278
21,50,2,1.20389100023157
21,51,2,1.12181146192492
21,52,2,1.14671941632006
21,53,2,1.12688625862792
21,54,2,1.14125490842886
21,55,2,1.0814598351129598
21,56,2,1.0601078965508401
21,57,2,1.0335017217020899
21,58,2,1.0429144410384201
21,0,0,15822585033.576399
21,1,0,17212686614.5726
21,2,0,18667251380.074615
21,3,0,20204870629.744133
21,4,0,22532416750.012466
21,5,0,24795499685.774994
21,6,0,26971486546.284794
21,7,0,29275995674.68876
21,8,0,31066819929.285286
21,9,0,33738102482.15581
21,10,0,37780565240.08351
21,11,0,41226082639.1463
21,12,0,48553327544.935326
21,13,0,58918580976.804886
21,14,0,65472846353.11078
21,15,0,82206762872.694
21,16,0,88630408365.66496
21,17,0,93695265976.43698
21,18,0,103587216200.06639
21,19,0,122376168155.62968
21,20,0,140928671363.72235
21,21,0,128625109866.88786
21,22,0,113444052350.9375
21,23,0,104154538273.92366
21,24,0,108307262578.88246
21,25,0,113189136565.9759
21,26,0,149265835813.3528
21,27,0,181511223660.96777
21,28,0,205291944803.49915
21,29,0,216163836169.3217
21,30,0,259702295566.6689
21,31,0,271983749284.82843
21,32,0,281993200315.9449
21,33,0,211209754092.04202
21,34,0,227272161741.83514
21,35,0,265392735480.07233
21,36,0,289755592007.1578
21,37,0,266383711639.9691
21,38,0,268916086994.80496
21,39,0,272292917312.16113
21,40,0,261337451703.73926
21,41,0,241018965834.3902
21,42,0,265336496492.7956
21,43,0,332269146581.25476
21,44,0,382624474411.13635
21,45,0,389752445437.63635
21,46,0,420223767314.5212
21,47,0,487972865005.6223
21,48,0,515413663880.0807
21,49,0,435114191643.3667
21,50,0,495328620126.0278
21,51,0,572744002632.3588
21,52,0,550926978153.4338
21,53,0,584637790103.989
21,54,0,580249344644.9641
21,55,0,503650641896.1276
21,56,0,515744370225.3855
21,57,0,540545236387.73334
21,58,0,556086488936.5588
21,19,3,6.46351003646851
21,20,3,6.63052988052368
21,21,3,6.87818002700806
21,30,3,5.28672981262207
21,31,3,5.52165985107422
21,32,3,5.33370018005371
21,33,3,5.58579015731812
21,35,3,6.22389984130859
21,36,3,6.92501020431519
21,38,3,7.16733980178833
21,39,3,6.930260181427
21,40,3,6.81885
21,41,3,6.68601
21,42,3,7.00104
21,43,3,6.85764
21,44,3,6.72268
21,45,3,6.55951
21,46,3,6.41067
21,47,3,6.21507
21,48,3,6.39073
21,49,3,6.85779
21,50,3,6.61479
21,51,3,6.4832
21,52,3,7.64774
21,53,3,7.70949
21,54,3,7.67329
21,55,3,7.5483
21,56,3,7.66993
21,40,1,7.41244804
21,41,1,8.03416286
21,42,1,8.36211553
21,43,1,8.46388685
21,44,1,8.26137253
21,45,1,8.27739469
21,46,1,8.16106452
21,47,1,8.07390721
21,48,1,8.31308546
21,49,1,8.94447909
21,50,1,8.48640651
21,51,1,10.67897654
21,52,1,10.9382056
21,53,1,11.10079845
21,54,1,11.14127066
21,55,1,11.00812884
21,56,1,10.93479344
22,0,0,543300000000.0
22,1,0,563300000000.0
22,2,0,605100000000.0
22,3,0,638600000000.0
22,4,0,685800000000.0
22,5,0,743700000000.0
22,6,0,815000000000.0
22,7,0,861700000000.0
22,8,0,942500000000.0
22,9,0,1019900000000.0
22,10,0,1073303000000.0
22,11,0,1164850000000.0
22,12,0,1279110000000.0
22,13,0,1425376000000.0
22,14,0,1545243000000.0
22,15,0,1684904000000.0
22,16,0,1873412000000.0
22,17,0,2081826000000.0
22,18,0,2351599000000.0
22,19,0,2627334000000.0
22,20,0,2857307000000.0
22,21,0,3207042000000.0
22,22,0,3343789000000.0
22,23,0,3634038000000.0
22,24,0,4037613000000.0
22,25,0,4338979000000.0
22,26,0,4579631000000.0
22,27,0,4855215000000.0
22,28,0,5236438000000.0
22,29,0,5641580000000.0
22,30,0,5963144000000.0
22,31,0,6158129000000.0
22,32,0,6520327000000.0
22,33,0,6858559000000.0
22,34,0,7287236000000.0
22,35,0,7639749000000.0
22,36,0,8073122000000.0
22,37,0,8577554463000.0
22,38,0,9062818211000.0
22,39,0,9630664202000.0
22,40,0,10252345464000.0
22,41,0,10581821399000.0
22,42,0,10936419054000.0
22,43,0,11458243878000.0
22,44,0,12213729147000.0
22,45,0,13036640229000.0
22,46,0,13814611414000.0
22,47,0,14451858650000.0
22,48,0,14712844084000.0
22,49,0,14448933025000.0
22,50,0,14992052727000.0
22,51,0,15542581104000.0
22,52,0,16197007349000.0
22,53,0,16784849190000.0
22,54,0,17521746534000.0
22,55,0,18219297584000.0
22,56,0,18707188235000.0
22,57,0,19485393853000.0
22,58,0,20544343456936.5
22,53,3,4.93105
22,54,3,4.96174
22,40,1,12.5020673
22,41,1,13.16894835
22,42,1,13.95448455
22,43,1,14.45482881
22,44,1,14.53652482
22,45,1,14.54146429
22,46,1,14.65803467
22,47,1,14.89823642
22,48,1,15.29436988
22,49,1,16.34297083
22,50,1,16.41288147
22,51,1,16.36738026
22,52,1,16.36637753
22,53,1,16.33083781
22,54,1,16.50510561
22,55,1,16.81565916
22,56,1,17.07341533
22,0,2,8.61959257324659
22,1,2,8.775733100821439
22,2,2,8.94407922820797
22,3,2,8.46505604791388
22,4,2,7.71686883146237
22,5,2,7.206952894142191
22,6,2,8.07084140032374
22,7,2,9.063367169199351
22,8,2,8.87311095235478
22,9,2,8.27294428361014
22,10,2,7.68970000481533
22,11,2,6.64347517415805
22,12,2,6.271831327247759
22,13,2,5.66875018086061
22,14,2,5.72916736136583
22,15,2,5.39791288843296
22,16,2,4.98816165912155
22,17,2,4.9713810021082505
22,18,2,4.76281198910082
22,19,2,4.77242213722582
22,20,2,4.95636891845848
22,21,2,5.43319954586885
22,22,2,6.5666824460988895
22,23,2,6.04385220392689
22,24,2,5.8881486060550605
22,25,2,6.12130940751349
22,26,2,6.30273203215211
22,27,2,6.08394649888627
22,28,2,5.7464370651102
22,29,2,5.54685048849715
22,30,2,5.27831987476985
22,31,2,4.572179864869709
22,32,2,4.666263973208141
22,33,2,4.3269367758442705
22,34,2,3.94127876510001
22,35,2,3.63847027048186
22,36,2,3.3507444260635495
22,37,2,3.2099088110588396
22,38,2,3.01762531355895
22,39,2,2.9084011345051
22,40,2,2.93344028780476
22,41,2,2.94434336848894
22,42,2,3.24954850934068
22,43,2,3.6072862799097396
22,44,2,3.78557099126879
22,45,2,3.86106478227475
22,46,2,3.81957969277306
22,47,2,3.8539055771302495
22,48,2,4.22169199770677
22,49,2,4.62710307491574
22,50,2,4.65700092288901
22,51,2,4.57670425313993
22,52,2,4.22781807423097
22,53,2,3.8111986758535603
22,54,2,3.4808971959245802
22,55,2,3.2718312641764196
22,56,2,3.20789216926033
22,57,2,3.1090104054349603
22,58,2,3.16286487973421
23,40,1,5.00301296
23,41,1,5.39701617
23,42,1,5.07938686
23,43,1,5.24062789
23,44,1,4.92799646
23,45,1,4.84418275
23,46,1,5.18018866
23,47,1,5.76939532
23,48,1,5.73029425
23,49,1,6.97183081
23,50,1,6.12106192
23,51,1,6.43690105
23,52,1,5.44087389
23,53,1,5.18552045
23,54,1,5.77645067
23,55,1,5.12893425
23,56,1,3.21708435
23,10,3,3.55897998809814
23,11,3,3.57355999946594
23,12,3,4.13556003570557
23,14,3,3.37524008750916
23,15,3,4.44438982009888
23,17,3,4.49410009384155
23,20,3,3.76232004165649
23,21,3,4.43491983413696
23,22,3,4.28233003616333
23,23,3,5.18074989318848
23,24,3,4.19941997528076
23,27,3,4.05865001678467
23,28,3,3.75059008598328
23,30,3,2.52840995788574
23,32,3,4.45460987091064
23,33,3,3.94531011581421
23,34,3,5.173180103302
23,46,3,3.66906
23,47,3,3.62732
23,49,3,6.87467
23,0,0,7779090909.090909
23,1,0,8189090909.090909
23,2,0,8946969696.969698
23,3,0,9753333333.333334
23,4,0,8099318181.818181
23,5,0,8427777777.777779
23,6,0,8781333333.333334
23,7,0,9250000000.0
23,8,0,10034444444.444447
23,9,0,10285111111.111113
23,10,0,11561111111.111113
23,11,0,12986590909.090908
23,12,0,13977727272.727272
23,13,0,17035581395.348837
23,14,0,26100930232.558136
23,15,0,27464651162.7907
23,16,0,31419534883.720932
23,17,0,36210697674.4186
23,18,0,39316279069.76744
23,19,0,48310930232.558136
23,20,0,59116511627.906975
23,21,0,66327441860.46512
23,22,0,67736744186.04651
23,23,0,67556279069.767456
23,24,0,60010285714.28571
23,25,0,61965466666.66667
23,26,0,60391604938.27161
23,27,0,48029034482.75862
23,28,0,60226413793.10345
23,29,0,43526253602.30547
23,30,0,48598315565.03198
23,31,0,53476971830.985916
23,32,0,60401798245.61404
23,33,0,60065011013.21586
23,34,0,58418666666.66667
23,35,0,77407726244.34389
23,36,0,70543211119.09898
23,37,0,85843534588.62056
23,38,0,91331203433.16289
23,39,0,97976886247.31715
23,40,0,117140723529.41176
23,41,0,122903960204.50462
23,42,0,92893587733.65492
23,43,0,83620628582.10815
23,44,0,112453382329.61455
23,45,0,145510008134.74976
23,46,0,183477522123.89383
23,47,0,230364012575.687
23,48,0,315953388510.6779
23,49,0,329787628928.4715
23,50,0,393192354510.6531
23,51,0,316482190800.3637
23,52,0,381286237847.6675
23,53,0,371005379786.5662
23,54,0,482359318767.7031
23,0,2,3.05804440981691
23,1,2,1.42222222222222
23,2,2,2.31290213342364
23,3,2,2.55358807082945
23,4,2,2.44668911335578
23,5,2,2.63643553915107
23,6,2,2.6568825910931197
23,7,2,2.8585154936344
23,8,2,2.6773761713520803
23,9,2,2.4989228780698003
23,10,2,2.29401644045116
23,11,2,2.69940787182167
23,12,2,2.8292682926829302
23,13,2,2.47098976109215
23,14,2,2.30776084825804
23,15,2,2.59102455546147
23,16,2,1.88749074759437
23,17,2,2.06794682422452
23,18,2,2.10576126818881
23,19,2,1.9158563589101798
23,20,2,1.6955153422501998
23,21,2,1.52168577539357
23,22,2,2.24877261647269
23,23,2,2.97074010327022
23,24,2,2.29205175600739
23,25,2,1.36961895641717
23,26,2,1.64997053624042
23,27,2,1.63369833980925
23,28,2,1.81610508280982
23,29,2,2.79359694117964
23,30,2,1.5180365557242301
23,31,2,1.8403352768239603
23,32,2,1.64347885019412
23,33,2,2.14525385503951
23,34,2,1.59074692484412
23,35,2,1.54906215977261
23,36,2,1.03948338355238
23,37,2,1.79528505216579
23,38,2,1.5885552045427302
23,39,2,1.43719900378467
23,40,2,1.52657012884905
23,41,2,1.5551079111325499
23,42,2,1.15337359551171
23,43,2,1.1826906272114202
23,44,2,1.28830181236512
23,45,2,1.8317137492462499
23,46,2,1.9784922172232
23,47,2,1.8889931062002498
23,48,2,1.7935528517957398
23,49,2,1.23107041540807
23,50,2,1.01348862784929
23,51,2,1.13040534078431
23,52,2,1.34147173233053
23,53,2,1.66955178280415
23,54,2,1.16181680999136
23,55,2,0.9413759688666191
23,56,2,0.454046014282467
23,57,2,0.487844144882163
